"","date","active_events","casualties"
"1",2013-01-01,6,13.8940397350993
"2",2013-01-02,7,17.8940397350993
"3",2013-01-03,6,12.8940397350993
"4",2013-01-04,2,1.89403973509934
"5",2013-01-05,9,9.39403973509934
"6",2013-01-06,12,18.3940397350993
"7",2013-01-07,9,9.39403973509934
"8",2013-01-08,13,16.3940397350993
"9",2013-01-09,5,3.64403973509934
"10",2013-01-10,8,14.6440397350993
"11",2013-01-11,7,3.47737306843267
"12",2013-01-12,6,12.4773730684327
"13",2013-01-13,4,2.89403973509934
"14",2013-01-14,7,12.060706401766
"15",2013-01-15,7,10.060706401766
"16",2013-01-16,7,17.8940397350993
"17",2013-01-17,2,1.89403973509934
"18",2013-01-18,2,1.89403973509934
"19",2013-01-19,9,26.8940397350993
"20",2013-01-20,4,4.89403973509934
"21",2013-01-21,5,24.8940397350993
"22",2013-01-22,4,4.89403973509934
"23",2013-01-23,7,7.560706401766
"24",2013-01-24,7,5.22737306843267
"25",2013-01-25,7,9.22737306843267
"26",2013-01-26,10,32.560706401766
"27",2013-01-27,6,23.8940397350993
"28",2013-01-28,2,1.89403973509934
"29",2013-01-29,6,6.22737306843267
"30",2013-01-30,10,19.8940397350993
"31",2013-01-31,8,15.8940397350993
"32",2013-02-01,3,4.560706401766
"33",2013-02-02,5,8.89403973509934
"34",2013-02-03,6,5.89403973509934
"35",2013-02-04,3,3.89403973509934
"36",2013-02-05,3,3.89403973509934
"37",2013-02-06,2,1.89403973509934
"38",2013-02-07,6,7.89403973509934
"39",2013-02-08,5,8.89403973509934
"40",2013-02-09,2,1.89403973509934
"41",2013-02-10,14,30.3940397350993
"42",2013-02-11,10,16.7273730684327
"43",2013-02-12,12,17.2273730684327
"44",2013-02-13,20,40.7273730684327
"45",2013-02-14,10,13.3940397350993
"46",2013-02-15,3,3.89403973509934
"47",2013-02-16,9,6.89403973509934
"48",2013-02-17,17,21.8940397350993
"49",2013-02-18,12,26.8940397350993
"50",2013-02-19,13,21.8940397350993
"51",2013-02-20,16,38.3940397350993
"52",2013-02-21,8,18.3940397350993
"53",2013-02-22,6,8.89403973509934
"54",2013-02-23,4,6.89403973509934
"55",2013-02-24,19,29.3940397350993
"56",2013-02-25,25,32.3940397350993
"57",2013-02-26,13,24.3940397350993
"58",2013-02-27,4,11.3940397350993
"59",2013-02-28,7,18.8940397350993
"60",2013-03-01,9,6.89403973509934
"61",2013-03-02,12,11.3940397350993
"62",2013-03-03,7,7.39403973509934
"63",2013-03-04,8,33.8940397350993
"64",2013-03-05,7,6.89403973509934
"65",2013-03-06,4,1.89403973509934
"66",2013-03-07,7,6.89403973509934
"67",2013-03-08,7,5.89403973509934
"68",2013-03-09,10,31.8940397350993
"69",2013-03-10,7,6.89403973509934
"70",2013-03-11,7,12.8940397350993
"71",2013-03-12,9,10.8940397350993
"72",2013-03-13,10,21.560706401766
"73",2013-03-14,9,13.560706401766
"74",2013-03-15,6,4.560706401766
"75",2013-03-16,6,4.89403973509934
"76",2013-03-17,18,25.8940397350993
"77",2013-03-18,15,15.8940397350993
"78",2013-03-19,7,8.89403973509934
"79",2013-03-20,6,4.89403973509934
"80",2013-03-21,8,32.060706401766
"81",2013-03-22,17,56.060706401766
"82",2013-03-23,17,26.060706401766
"83",2013-03-24,8,10.060706401766
"84",2013-03-25,9,38.560706401766
"85",2013-03-26,20,72.560706401766
"86",2013-03-27,15,19.8940397350993
"87",2013-03-28,6,5.89403973509934
"88",2013-03-29,5,6.89403973509934
"89",2013-03-30,5,12.8940397350993
"90",2013-03-31,6,13.8940397350993
"91",2013-04-01,7,3.560706401766
"92",2013-04-02,7,6.560706401766
"93",2013-04-03,12,66.060706401766
"94",2013-04-04,8,3.39403973509934
"95",2013-04-05,8,3.89403973509934
"96",2013-04-06,9,35.8940397350993
"97",2013-04-07,6,8.89403973509934
"98",2013-04-08,8,12.8940397350993
"99",2013-04-09,7,10.8940397350993
"100",2013-04-10,8,10.8940397350993
"101",2013-04-11,6,2.89403973509934
"102",2013-04-12,6,14.8940397350993
"103",2013-04-13,9,8.89403973509934
"104",2013-04-14,8,11.2273730684327
"105",2013-04-15,13,41.2273730684327
"106",2013-04-16,11,17.7273730684327
"107",2013-04-17,11,19.3940397350993
"108",2013-04-18,6,5.89403973509934
"109",2013-04-19,12,35.8940397350993
"110",2013-04-20,11,20.8940397350993
"111",2013-04-21,10,16.8940397350993
"112",2013-04-22,10,19.5190397350993
"113",2013-04-23,13,49.0190397350993
"114",2013-04-24,10,21.0190397350993
"115",2013-04-25,10,20.0190397350993
"116",2013-04-26,9,18.0190397350993
"117",2013-04-27,12,16.8523730684327
"118",2013-04-28,11,21.3523730684327
"119",2013-04-29,7,13.3523730684327
"120",2013-04-30,8,13.8940397350993
"121",2013-05-01,20,56.8940397350993
"122",2013-05-02,14,37.8940397350993
"123",2013-05-03,6,6.89403973509934
"124",2013-05-04,11,26.8940397350993
"125",2013-05-05,11,40.560706401766
"126",2013-05-06,7,7.560706401766
"127",2013-05-07,9,20.560706401766
"128",2013-05-08,11,40.8940397350993
"129",2013-05-09,6,3.89403973509934
"130",2013-05-10,8,22.3940397350993
"131",2013-05-11,8,15.8940397350993
"132",2013-05-12,11,13.3940397350993
"133",2013-05-13,18,36.3940397350993
"134",2013-05-14,18,27.3940397350993
"135",2013-05-15,8,6.89403973509934
"136",2013-05-16,12,25.8940397350993
"137",2013-05-17,13,17.8940397350993
"138",2013-05-18,9,13.8940397350993
"139",2013-05-19,19,33.3940397350993
"140",2013-05-20,19,31.3940397350993
"141",2013-05-21,30,82.060706401766
"142",2013-05-22,19,41.1413515630563
"143",2013-05-23,11,25.6413515630563
"144",2013-05-24,11,42.4746848963897
"145",2013-05-25,10,33.9746848963897
"146",2013-05-26,12,35.9746848963897
"147",2013-05-27,19,70.9746848963897
"148",2013-05-28,23,52.9746848963897
"149",2013-05-29,27,72.808018229723
"150",2013-05-30,21,47.808018229723
"151",2013-05-31,15,47.308018229723
"152",2013-06-01,25,83.5806451612903
"153",2013-06-02,11,39.0806451612903
"154",2013-06-03,13,89.5806451612903
"155",2013-06-04,17,41.0806451612903
"156",2013-06-05,11,19.4139784946237
"157",2013-06-06,20,46.9139784946237
"158",2013-06-07,19,44.3806451612903
"159",2013-06-08,9,18.047311827957
"160",2013-06-09,8,17.047311827957
"161",2013-06-10,16,40.547311827957
"162",2013-06-11,23,67.547311827957
"163",2013-06-12,23,51.047311827957
"164",2013-06-13,8,20.047311827957
"165",2013-06-14,8,19.047311827957
"166",2013-06-15,11,26.047311827957
"167",2013-06-16,12,22.047311827957
"168",2013-06-17,16,26.547311827957
"169",2013-06-18,16,36.047311827957
"170",2013-06-19,14,37.047311827957
"171",2013-06-20,8,18.547311827957
"172",2013-06-21,16,44.7139784946237
"173",2013-06-22,13,24.6666666666667
"174",2013-06-23,11,61.6666666666667
"175",2013-06-24,8,13
"176",2013-06-25,9,32
"177",2013-06-26,6,14.5
"178",2013-06-27,6,20
"179",2013-06-28,8,21.1666666666667
"180",2013-06-29,10,27.1666666666667
"181",2013-06-30,20,23.6666666666667
"182",2013-07-01,18,23.5
"183",2013-07-02,7,28
"184",2013-07-03,7,17
"185",2013-07-04,9,33
"186",2013-07-05,9,32.3333333333333
"187",2013-07-06,14,44.3333333333333
"188",2013-07-07,15,57.3333333333333
"189",2013-07-08,14,21
"190",2013-07-09,16,44.75
"191",2013-07-10,5,4.75
"192",2013-07-11,9,17.75
"193",2013-07-12,16,40.75
"194",2013-07-13,19,14
"195",2013-07-14,15,17
"196",2013-07-15,10,28.5
"197",2013-07-16,16,18
"198",2013-07-17,20,47.5
"199",2013-07-18,11,21
"200",2013-07-19,10,14
"201",2013-07-20,12,31
"202",2013-07-21,12,24.7142857142857
"203",2013-07-22,12,23.2142857142857
"204",2013-07-23,19,50.2142857142857
"205",2013-07-24,13,33.7142857142857
"206",2013-07-25,18,54.3333333333333
"207",2013-07-26,20,101
"208",2013-07-27,16,37
"209",2013-07-28,14,105.952380952381
"210",2013-07-29,17,26.7857142857143
"211",2013-07-30,19,22.7857142857143
"212",2013-07-31,14,121.785714285714
"213",2013-08-01,9,22.5
"214",2013-08-02,4,6.5
"215",2013-08-03,4,6.5
"216",2013-08-04,6,8.5
"217",2013-08-05,9,19
"218",2013-08-06,14,18
"219",2013-08-07,15,21.8333333333333
"220",2013-08-08,8,28.8333333333333
"221",2013-08-09,8,10.1666666666667
"222",2013-08-10,6,7.33333333333333
"223",2013-08-11,8,12.3333333333333
"224",2013-08-12,11,19
"225",2013-08-13,9,11
"226",2013-08-14,4,2
"227",2013-08-15,8,32
"228",2013-08-16,12,40
"229",2013-08-17,22,79
"230",2013-08-18,13,45
"231",2013-08-19,11,12.5
"232",2013-08-20,25,64
"233",2013-08-21,15,26.5
"234",2013-08-22,8,9
"235",2013-08-23,10,10.5
"236",2013-08-24,13,12
"237",2013-08-25,7,7.5
"238",2013-08-26,17,35.5
"239",2013-08-27,24,53.5
"240",2013-08-28,17,77
"241",2013-08-29,14,39
"242",2013-08-30,18,60.3333333333333
"243",2013-08-31,21,32.8333333333333
"244",2013-09-01,27,40.8333333333333
"245",2013-09-02,28,34
"246",2013-09-03,16,13.1666666666667
"247",2013-09-04,9,16.1666666666667
"248",2013-09-05,6,11.6666666666667
"249",2013-09-06,11,26.5
"250",2013-09-07,10,42.8333333333333
"251",2013-09-08,9,34.3333333333333
"252",2013-09-09,10,35.3333333333333
"253",2013-09-10,6,16
"254",2013-09-11,1,0
"255",2013-09-12,2,9
"256",2013-09-13,9,36.5
"257",2013-09-14,10,46.5
"258",2013-09-15,10,44.6666666666667
"259",2013-09-16,7,23
"260",2013-09-17,18,43
"261",2013-09-18,15,51.3333333333333
"262",2013-09-19,4,7.5
"263",2013-09-20,5,11.5
"264",2013-09-21,6,25
"265",2013-09-22,11,38
"266",2013-09-23,19,43.5
"267",2013-09-24,20,30
"268",2013-09-25,15,24.5
"269",2013-09-26,6,11
"270",2013-09-27,3,4
"271",2013-09-28,8,12.875
"272",2013-09-29,12,32.375
"273",2013-09-30,13,25.375
"274",2013-10-01,7,5.06944444444444
"275",2013-10-02,5,7.06944444444444
"276",2013-10-03,10,11.0694444444444
"277",2013-10-04,11,27.0694444444444
"278",2013-10-05,17,21.0694444444444
"279",2013-10-06,11,9.19444444444444
"280",2013-10-07,13,17.6944444444444
"281",2013-10-08,11,13.6944444444444
"282",2013-10-09,3,5.19444444444444
"283",2013-10-10,10,20.1944444444444
"284",2013-10-11,12,21.6944444444444
"285",2013-10-12,12,35.1944444444444
"286",2013-10-13,16,41.6944444444444
"287",2013-10-14,12,23.7944444444444
"288",2013-10-15,6,6.79444444444444
"289",2013-10-16,4,4.79444444444444
"290",2013-10-17,7,11.4611111111111
"291",2013-10-18,14,29.4611111111111
"292",2013-10-19,10,18.5277777777778
"293",2013-10-20,16,28.8611111111111
"294",2013-10-21,11,14.1944444444444
"295",2013-10-22,17,36.0277777777778
"296",2013-10-23,16,31.6944444444444
"297",2013-10-24,11,19.8611111111111
"298",2013-10-25,8,14.8611111111111
"299",2013-10-26,5,10.1944444444444
"300",2013-10-27,4,21.1944444444444
"301",2013-10-28,9,7.19444444444444
"302",2013-10-29,10,11.1944444444444
"303",2013-10-30,3,6.19444444444444
"304",2013-10-31,5,9.19444444444444
"305",2013-11-01,4,13.1944444444444
"306",2013-11-02,7,26.1944444444444
"307",2013-11-03,9,12.6944444444444
"308",2013-11-04,20,29.6944444444444
"309",2013-11-05,16,19.6944444444444
"310",2013-11-06,4,4.5
"311",2013-11-07,2,2
"312",2013-11-08,3,11
"313",2013-11-09,17,26.5
"314",2013-11-10,13,16.6428571428571
"315",2013-11-11,10,15.1428571428571
"316",2013-11-12,12,26.1428571428571
"317",2013-11-13,6,10.1428571428571
"318",2013-11-14,5,12.1428571428571
"319",2013-11-15,10,7.64285714285714
"320",2013-11-16,10,21.6428571428571
"321",2013-11-17,11,9.33333333333333
"322",2013-11-18,18,27.3333333333333
"323",2013-11-19,8,14.3333333333333
"324",2013-11-20,8,19
"325",2013-11-21,10,13
"326",2013-11-22,9,17.3333333333333
"327",2013-11-23,3,4.66666666666667
"328",2013-11-24,5,6.66666666666667
"329",2013-11-25,10,32.6666666666667
"330",2013-11-26,4,19.3333333333333
"331",2013-11-27,6,14.1333333333333
"332",2013-11-28,7,16.8
"333",2013-11-29,10,17.8
"334",2013-11-30,9,16.3
"335",2013-12-01,5,3.8
"336",2013-12-02,3,12.5
"337",2013-12-03,12,35.5
"338",2013-12-04,6,14.5
"339",2013-12-05,7,20
"340",2013-12-06,2,6
"341",2013-12-07,8,7.5
"342",2013-12-08,7,4.5
"343",2013-12-09,2,9
"344",2013-12-10,0,0
"345",2013-12-11,5,17.5
"346",2013-12-12,4,13.7
"347",2013-12-13,7,8.7
"348",2013-12-14,12,25.7
"349",2013-12-15,12,23.2
"350",2013-12-16,6,17.2
"351",2013-12-17,8,17
"352",2013-12-18,6,8
"353",2013-12-19,0,0
"354",2013-12-20,1,4
"355",2013-12-21,2,0
"356",2013-12-22,4,6
"357",2013-12-23,7,5.5
"358",2013-12-24,15,18.3333333333333
"359",2013-12-25,11,18.8333333333333
"360",2013-12-26,3,6.33333333333333
"361",2013-12-27,8,15.3333333333333
"362",2013-12-28,7,8.33333333333333
"363",2013-12-29,7,6.33333333333333
"364",2013-12-30,10,11
"365",2013-12-31,4,6
"366",2014-01-01,3,8.14563106796117
"367",2014-01-02,2,9.14563106796117
"368",2014-01-03,5,13.6456310679612
"369",2014-01-04,8,28.6456310679612
"370",2014-01-05,14,28.6456310679612
"371",2014-01-06,19,35.6456310679612
"372",2014-01-07,14,22.1456310679612
"373",2014-01-08,4,9.14563106796117
"374",2014-01-09,2,10.1456310679612
"375",2014-01-10,3,9.64563106796117
"376",2014-01-11,5,13.1456310679612
"377",2014-01-12,4,11.6456310679612
"378",2014-01-13,7,14.6456310679612
"379",2014-01-14,14,23.1456310679612
"380",2014-01-15,12,40.6456310679612
"381",2014-01-16,8,31.1456310679612
"382",2014-01-17,5,33.1456310679612
"383",2014-01-18,6,13.1456310679612
"384",2014-01-19,8,14.1456310679612
"385",2014-01-20,9,33.6456310679612
"386",2014-01-21,9,23.6456310679612
"387",2014-01-22,4,13.1456310679612
"388",2014-01-23,5,14.1456310679612
"389",2014-01-24,4,9.14563106796117
"390",2014-01-25,3,7.14563106796117
"391",2014-01-26,10,32.6456310679612
"392",2014-01-27,10,24.6456310679612
"393",2014-01-28,10,19.6456310679612
"394",2014-01-29,11,45.6456310679612
"395",2014-01-30,6,22.1456310679612
"396",2014-01-31,4,14.1456310679612
"397",2014-02-01,5,19.1456310679612
"398",2014-02-02,3,9.64563106796117
"399",2014-02-03,2,7.64563106796117
"400",2014-02-04,1,6.14563106796117
"401",2014-02-05,2,7.14563106796117
"402",2014-02-06,3,7.81229773462783
"403",2014-02-07,4,7.81229773462783
"404",2014-02-08,5,9.81229773462783
"405",2014-02-09,16,30.6456310679612
"406",2014-02-10,16,24.6456310679612
"407",2014-02-11,7,30.1456310679612
"408",2014-02-12,4,10.1456310679612
"409",2014-02-13,3,10.1456310679612
"410",2014-02-14,2,9.14563106796117
"411",2014-02-15,4,16.6456310679612
"412",2014-02-16,15,35.1456310679612
"413",2014-02-17,13,26.1456310679612
"414",2014-02-18,11,27.0456310679612
"415",2014-02-19,7,15.5456310679612
"416",2014-02-20,11,19.5456310679612
"417",2014-02-21,8,18.5456310679612
"418",2014-02-22,11,21.5456310679612
"419",2014-02-23,4,35.1456310679612
"420",2014-02-24,17,52.6456310679612
"421",2014-02-25,30,93.1456310679612
"422",2014-02-26,14,48.6456310679612
"423",2014-02-27,7,26.1456310679612
"424",2014-02-28,4,14.1456310679612
"425",2014-03-01,9,24.1456310679612
"426",2014-03-02,6,13.1456310679612
"427",2014-03-03,6,15.6456310679612
"428",2014-03-04,10,22.1456310679612
"429",2014-03-05,5,10.6456310679612
"430",2014-03-06,5,20.4789644012945
"431",2014-03-07,6,23.8122977346278
"432",2014-03-08,7,23.8122977346278
"433",2014-03-09,6,12.4789644012945
"434",2014-03-10,5,16.6456310679612
"435",2014-03-11,6,13.1456310679612
"436",2014-03-12,9,21.6456310679612
"437",2014-03-13,7,19.6456310679612
"438",2014-03-14,3,7.64563106796117
"439",2014-03-15,2,8.14563106796117
"440",2014-03-16,8,11.1456310679612
"441",2014-03-17,10,14.1456310679612
"442",2014-03-18,7,30.1456310679612
"443",2014-03-19,3,10.1456310679612
"444",2014-03-20,7,52.1456310679612
"445",2014-03-21,7,13.8931477090262
"446",2014-03-22,7,17.3931477090262
"447",2014-03-23,13,31.3931477090262
"448",2014-03-24,12,33.2264810423595
"449",2014-03-25,17,44.2264810423595
"450",2014-03-26,14,25.2264810423595
"451",2014-03-27,5,14.5598143756929
"452",2014-03-28,6,16.5598143756929
"453",2014-03-29,8,29.5598143756929
"454",2014-03-30,24,45.5598143756929
"455",2014-03-31,28,71.0598143756929
"456",2014-04-01,14,34.0598143756929
"457",2014-04-02,13,31.5598143756929
"458",2014-04-03,6,23.5598143756929
"459",2014-04-04,22,73.5598143756929
"460",2014-04-05,21,72.5598143756929
"461",2014-04-06,10,37.0598143756929
"462",2014-04-07,12,51.5598143756929
"463",2014-04-08,5,16.0598143756929
"464",2014-04-09,6,20.5598143756929
"465",2014-04-10,5,14.5598143756929
"466",2014-04-11,8,17.8931477090262
"467",2014-04-12,11,20.8931477090262
"468",2014-04-13,16,31.8931477090262
"469",2014-04-14,13,25.5598143756929
"470",2014-04-15,10,41.5598143756929
"471",2014-04-16,7,21.5598143756929
"472",2014-04-17,7,22.5598143756929
"473",2014-04-18,6,15.5598143756929
"474",2014-04-19,13,26.0598143756929
"475",2014-04-20,10,19.0598143756929
"476",2014-04-21,4,10.5598143756929
"477",2014-04-22,11,45.0598143756929
"478",2014-04-23,9,30.0598143756929
"479",2014-04-24,6,18.5598143756929
"480",2014-04-25,4,10.5598143756929
"481",2014-04-26,6,17.0598143756929
"482",2014-04-27,5,18.7264810423595
"483",2014-04-28,18,36.2264810423595
"484",2014-04-29,14,35.2264810423595
"485",2014-04-30,7,26.0598143756929
"486",2014-05-01,10,36.3931477090262
"487",2014-05-02,11,15.3931477090262
"488",2014-05-03,16,24.3931477090262
"489",2014-05-04,16,37.0598143756929
"490",2014-05-05,17,50.0598143756929
"491",2014-05-06,11,33.5598143756929
"492",2014-05-07,7,31.5598143756929
"493",2014-05-08,4,14.5598143756929
"494",2014-05-09,8,49.3931477090262
"495",2014-05-10,9,55.8931477090262
"496",2014-05-11,10,26.3931477090262
"497",2014-05-12,17,66.0598143756929
"498",2014-05-13,14,26.0598143756929
"499",2014-05-14,13,36.5598143756929
"500",2014-05-15,21,35.5598143756929
"501",2014-05-16,30,57.5598143756929
"502",2014-05-17,16,39.5598143756929
"503",2014-05-18,11,24.0598143756929
"504",2014-05-19,11,30.0598143756929
"505",2014-05-20,15,54.5598143756929
"506",2014-05-21,13,50.5598143756929
"507",2014-05-22,4,10.5598143756929
"508",2014-05-23,13,34.2264810423595
"509",2014-05-24,28,75.2264810423595
"510",2014-05-25,22,58.2264810423595
"511",2014-05-26,14,46.0598143756929
"512",2014-05-27,5,33.0598143756929
"513",2014-05-28,7,16.5598143756929
"514",2014-05-29,9,25.5598143756929
"515",2014-05-30,18,22.3931477090262
"516",2014-05-31,19,37.3931477090262
"517",2014-06-01,9,16.8931477090262
"518",2014-06-02,13,40.5598143756929
"519",2014-06-03,18,47.0598143756929
"520",2014-06-04,14,44.0598143756929
"521",2014-06-05,6,16.5598143756929
"522",2014-06-06,5,22.5598143756929
"523",2014-06-07,10,50.0598143756929
"524",2014-06-08,16,86.0598143756929
"525",2014-06-09,15,44.8931477090262
"526",2014-06-10,14,35.3931477090262
"527",2014-06-11,18,40.3931477090262
"528",2014-06-12,19,52.0598143756929
"529",2014-06-13,12,34.0598143756929
"530",2014-06-14,10,131.059814375693
"531",2014-06-15,9,51.0598143756929
"532",2014-06-16,8,49.0598143756929
"533",2014-06-17,7,13.0598143756929
"534",2014-06-18,5,13.5598143756929
"535",2014-06-19,7,16.8098143756929
"536",2014-06-20,11,24.3098143756929
"537",2014-06-21,18,68.5598143756929
"538",2014-06-22,12,49.0598143756929
"539",2014-06-23,14,60.3812429471214
"540",2014-06-24,14,63.3812429471214
"541",2014-06-25,18,90.6312429471214
"542",2014-06-26,10,58.6312429471214
"543",2014-06-27,10,31.1312429471214
"544",2014-06-28,12,62.1312429471214
"545",2014-06-29,8,22.7979096137881
"546",2014-06-30,15,38.7264810423595
"547",2014-07-01,12,29.7264810423595
"548",2014-07-02,6,22.5598143756929
"549",2014-07-03,20,48.2264810423595
"550",2014-07-04,23,37.2264810423595
"551",2014-07-05,19,23.8931477090262
"552",2014-07-06,10,29.2264810423595
"553",2014-07-07,14,32.2264810423595
"554",2014-07-08,16,44.0598143756929
"555",2014-07-09,23,85.0598143756929
"556",2014-07-10,21,54.8931477090262
"557",2014-07-11,18,60.0598143756929
"558",2014-07-12,27,106.559814375693
"559",2014-07-13,12,52.7264810423595
"560",2014-07-14,6,35.5598143756929
"561",2014-07-15,15,83.0598143756929
"562",2014-07-16,17,43.0598143756929
"563",2014-07-17,18,30.8931477090262
"564",2014-07-18,15,26.8931477090262
"565",2014-07-19,17,37.8931477090262
"566",2014-07-20,14,45.0598143756929
"567",2014-07-21,15,52.0598143756929
"568",2014-07-22,6,18.5598143756929
"569",2014-07-23,9,18.5598143756929
"570",2014-07-24,18,31.2264810423595
"571",2014-07-25,9,17.2264810423595
"572",2014-07-26,19,47.2264810423595
"573",2014-07-27,5,22.5598143756929
"574",2014-07-28,4,10.5598143756929
"575",2014-07-29,8,27.0598143756929
"576",2014-07-30,13,25.8931477090262
"577",2014-07-31,10,33.8931477090262
"578",2014-08-01,9,27.8931477090262
"579",2014-08-02,5,13.0598143756929
"580",2014-08-03,18,62.0598143756929
"581",2014-08-04,27,86.5598143756929
"582",2014-08-05,16,38.0598143756929
"583",2014-08-06,13,33.4169572328357
"584",2014-08-07,24,47.0836238995024
"585",2014-08-08,26,60.1836238995024
"586",2014-08-09,29,102.516957232836
"587",2014-08-10,35,117.412790566169
"588",2014-08-11,31,74.4127905661691
"589",2014-08-12,13,55.5794572328357
"590",2014-08-13,10,60.1223143756929
"591",2014-08-14,16,48.6223143756929
"592",2014-08-15,15,54.6223143756929
"593",2014-08-16,5,13.6223143756929
"594",2014-08-17,8,24.6223143756929
"595",2014-08-18,11,21.2889810423595
"596",2014-08-19,9,15.7889810423595
"597",2014-08-20,14,35.7889810423595
"598",2014-08-21,17,43.9556477090262
"599",2014-08-22,16,26.9556477090262
"600",2014-08-23,23,76.2056477090262
"601",2014-08-24,20,71.8723143756929
"602",2014-08-25,19,42.8723143756929
"603",2014-08-26,20,56.3723143756929
"604",2014-08-27,9,51.6223143756929
"605",2014-08-28,13,35.1223143756929
"606",2014-08-29,6,10.6223143756929
"607",2014-08-30,8,32.6223143756929
"608",2014-08-31,16,35.1223143756929
"609",2014-09-01,28,72.1223143756929
"610",2014-09-02,24,54.6223143756929
"611",2014-09-03,19,64.8723143756929
"612",2014-09-04,15,79.5389810423595
"613",2014-09-05,21,78.5389810423595
"614",2014-09-06,25,78.5389810423595
"615",2014-09-07,10,22.6223143756929
"616",2014-09-08,12,33.2889810423595
"617",2014-09-09,25,70.7889810423595
"618",2014-09-10,27,67.2889810423595
"619",2014-09-11,23,50.5598143756929
"620",2014-09-12,19,48.5598143756929
"621",2014-09-13,12,39.0598143756929
"622",2014-09-14,15,42.0598143756929
"623",2014-09-15,18,47.0598143756929
"624",2014-09-16,9,39.5598143756929
"625",2014-09-17,5,11.1487032645817
"626",2014-09-18,6,16.1487032645817
"627",2014-09-19,5,20.1487032645817
"628",2014-09-20,9,39.9820365979151
"629",2014-09-21,15,58.6606080264865
"630",2014-09-22,16,50.1606080264865
"631",2014-09-23,17,50.1606080264865
"632",2014-09-24,9,28.1606080264865
"633",2014-09-25,9,36.9106080264865
"634",2014-09-26,12,53.9106080264865
"635",2014-09-27,8,35.9106080264865
"636",2014-09-28,6,12.4820365979151
"637",2014-09-29,14,48.4820365979151
"638",2014-09-30,13,26.8153699312484
"639",2014-10-01,6,22.8153699312484
"640",2014-10-02,5,17.8153699312484
"641",2014-10-03,2,8.48203659791508
"642",2014-10-04,3,10.4820365979151
"643",2014-10-05,2,8.48203659791508
"644",2014-10-06,8,39.4820365979151
"645",2014-10-07,11,48.4820365979151
"646",2014-10-08,7,38.9820365979151
"647",2014-10-09,6,31.9820365979151
"648",2014-10-10,6,29.4820365979151
"649",2014-10-11,13,47.9820365979151
"650",2014-10-12,14,75.4820365979151
"651",2014-10-13,9,59.9820365979151
"652",2014-10-14,13,52.9820365979151
"653",2014-10-15,5,22.4820365979151
"654",2014-10-16,8,23.9820365979151
"655",2014-10-17,4,11.4820365979151
"656",2014-10-18,15,40.9820365979151
"657",2014-10-19,17,57.9820365979151
"658",2014-10-20,10,33.9820365979151
"659",2014-10-21,14,53.9820365979151
"660",2014-10-22,13,44.4820365979151
"661",2014-10-23,11,40.4820365979151
"662",2014-10-24,6,43.1456310679612
"663",2014-10-25,9,22.1456310679612
"664",2014-10-26,8,23.6456310679612
"665",2014-10-27,11,59.6456310679612
"666",2014-10-28,11,27.6456310679612
"667",2014-10-29,11,42.1456310679612
"668",2014-10-30,5,29.6456310679612
"669",2014-10-31,3,8.81229773462783
"670",2014-11-01,14,35.3122977346278
"671",2014-11-02,15,29.3122977346278
"672",2014-11-03,5,14.8122977346278
"673",2014-11-04,14,29.1456310679612
"674",2014-11-05,14,30.1456310679612
"675",2014-11-06,3,14
"676",2014-11-07,2,12.6666666666667
"677",2014-11-08,12,31.8333333333333
"678",2014-11-09,15,15.6666666666667
"679",2014-11-10,14,29.5
"680",2014-11-11,12,16.3333333333333
"681",2014-11-12,4,10.3333333333333
"682",2014-11-13,9,17.6666666666667
"683",2014-11-14,14,22.6666666666667
"684",2014-11-15,20,45.1666666666667
"685",2014-11-16,17,25.5
"686",2014-11-17,15,49
"687",2014-11-18,16,50.0714285714286
"688",2014-11-19,11,31.0714285714286
"689",2014-11-20,15,22.0714285714286
"690",2014-11-21,16,26.0714285714286
"691",2014-11-22,13,28.0714285714286
"692",2014-11-23,15,106.071428571429
"693",2014-11-24,8,18.0714285714286
"694",2014-11-25,10,45
"695",2014-11-26,4,12.5
"696",2014-11-27,6,17.1666666666667
"697",2014-11-28,10,37.75
"698",2014-11-29,10,36.25
"699",2014-11-30,3,5.58333333333333
"700",2014-12-01,7,27.25
"701",2014-12-02,3,9
"702",2014-12-03,8,34.5
"703",2014-12-04,5,26.5
"704",2014-12-05,3,12.5
"705",2014-12-06,7,26.5
"706",2014-12-07,6,22
"707",2014-12-08,6,33
"708",2014-12-09,3,18
"709",2014-12-10,4,27
"710",2014-12-11,5,22
"711",2014-12-12,2,2
"712",2014-12-13,9,36.6
"713",2014-12-14,12,32.1
"714",2014-12-15,14,37.6
"715",2014-12-16,8,31.1
"716",2014-12-17,16,43.6
"717",2014-12-18,16,59.6666666666667
"718",2014-12-19,11,52.6666666666667
"719",2014-12-20,15,72.6666666666667
"720",2014-12-21,12,27.5
"721",2014-12-22,13,66.75
"722",2014-12-23,9,47.25
"723",2014-12-24,8,56.75
"724",2014-12-25,8,54.4166666666667
"725",2014-12-26,18,55.6666666666667
"726",2014-12-27,19,35.6666666666667
"727",2014-12-28,21,58.5
"728",2014-12-29,19,46.6666666666667
"729",2014-12-30,7,14.1666666666667
"730",2014-12-31,9,48.6666666666667
"731",2015-01-01,4,13.4094488188976
"732",2015-01-02,8,28.4094488188976
"733",2015-01-03,10,46.4094488188976
"734",2015-01-04,11,46.4094488188976
"735",2015-01-05,9,27.9094488188976
"736",2015-01-06,7,17.9094488188976
"737",2015-01-07,16,53.9094488188976
"738",2015-01-08,7,31.9094488188976
"739",2015-01-09,9,38.0761154855643
"740",2015-01-10,14,34.0761154855643
"741",2015-01-11,14,29.0761154855643
"742",2015-01-12,16,36.7094488188976
"743",2015-01-13,12,32.2094488188976
"744",2015-01-14,7,19.7094488188976
"745",2015-01-15,14,31.8761154855643
"746",2015-01-16,10,72.3761154855643
"747",2015-01-17,8,27.3761154855643
"748",2015-01-18,14,57.7094488188976
"749",2015-01-19,7,35.7094488188976
"750",2015-01-20,8,51.7094488188976
"751",2015-01-21,6,23.2808773903262
"752",2015-01-22,10,24.9808773903262
"753",2015-01-23,14,49.9808773903262
"754",2015-01-24,17,49.9808773903262
"755",2015-01-25,6,18.9808773903262
"756",2015-01-26,14,35.9808773903262
"757",2015-01-27,17,32.9808773903262
"758",2015-01-28,11,18.9808773903262
"759",2015-01-29,12,40.9808773903262
"760",2015-01-30,13,38.4808773903262
"761",2015-01-31,17,72.4808773903262
"762",2015-02-01,9,35.6475440569929
"763",2015-02-02,11,33.6475440569929
"764",2015-02-03,16,52.6475440569929
"765",2015-02-04,14,49.4094488188976
"766",2015-02-05,15,34.242782152231
"767",2015-02-06,10,20.242782152231
"768",2015-02-07,12,31.242782152231
"769",2015-02-08,12,20.9094488188976
"770",2015-02-09,16,48.4094488188976
"771",2015-02-10,15,59.9094488188976
"772",2015-02-11,11,37.4094488188976
"773",2015-02-12,16,57.1731850826339
"774",2015-02-13,17,71.1731850826339
"775",2015-02-14,16,52.1731850826339
"776",2015-02-15,12,61.3398517493006
"777",2015-02-16,19,130.708899368348
"778",2015-02-17,15,109.208899368348
"779",2015-02-18,14,87.8755660350148
"780",2015-02-19,15,98.8755660350148
"781",2015-02-20,15,95.8755660350148
"782",2015-02-21,12,84.0422327016815
"783",2015-02-22,16,87.2088993683482
"784",2015-02-23,12,66.2088993683482
"785",2015-02-24,8,40.3874707969196
"786",2015-02-25,8,54.6951631046119
"787",2015-02-26,7,33.6237345331834
"788",2015-02-27,10,40.6237345331834
"789",2015-02-28,7,29.1237345331834
"790",2015-03-01,21,40.6237345331834
"791",2015-03-02,22,41.0880202474691
"792",2015-03-03,28,138.421353580802
"793",2015-03-04,32,72.4213535808024
"794",2015-03-05,22,52.9213535808024
"795",2015-03-06,9,37.3380202474691
"796",2015-03-07,10,35.3380202474691
"797",2015-03-08,7,25.3380202474691
"798",2015-03-09,27,77.3380202474691
"799",2015-03-10,33,83.9094488188976
"800",2015-03-11,11,39.9094488188976
"801",2015-03-12,10,46.4094488188976
"802",2015-03-13,6,31.4094488188976
"803",2015-03-14,18,70.9094488188976
"804",2015-03-15,15,80.9094488188976
"805",2015-03-16,12,37.4094488188976
"806",2015-03-17,8,25.4094488188976
"807",2015-03-18,12,24.4094488188976
"808",2015-03-19,13,24.4094488188976
"809",2015-03-20,10,32.9094488188976
"810",2015-03-21,12,39.9094488188976
"811",2015-03-22,16,53.4094488188976
"812",2015-03-23,15,39.4094488188976
"813",2015-03-24,11,42.5523059617548
"814",2015-03-25,11,44.5523059617548
"815",2015-03-26,6,17.5523059617548
"816",2015-03-27,18,34.0523059617548
"817",2015-03-28,19,37.5523059617548
"818",2015-03-29,21,55.5523059617548
"819",2015-03-30,17,56.5523059617548
"820",2015-03-31,21,54.4094488188976
"821",2015-04-01,21,34.4094488188976
"822",2015-04-02,6,33.9094488188976
"823",2015-04-03,8,32.4094488188976
"824",2015-04-04,8,25.4094488188976
"825",2015-04-05,14,25.4094488188976
"826",2015-04-06,20,37.4792162607581
"827",2015-04-07,13,30.9792162607581
"828",2015-04-08,15,32.9792162607581
"829",2015-04-09,11,48.1458829274248
"830",2015-04-10,22,94.8125495940914
"831",2015-04-11,19,73.8125495940914
"832",2015-04-12,10,37.1458829274248
"833",2015-04-13,16,30.3125495940914
"834",2015-04-14,11,23.3125495940914
"835",2015-04-15,11,25.8125495940914
"836",2015-04-16,9,18.4792162607581
"837",2015-04-17,9,33.4792162607581
"838",2015-04-18,5,45.4792162607581
"839",2015-04-19,19,25.4792162607581
"840",2015-04-20,20,26.4792162607581
"841",2015-04-21,20,36.4792162607581
"842",2015-04-22,31,62.9792162607581
"843",2015-04-23,18,45.3125495940914
"844",2015-04-24,39,116.312549594091
"845",2015-04-25,37,97.6458829274248
"846",2015-04-26,14,63.8125495940914
"847",2015-04-27,12,65.1458829274248
"848",2015-04-28,24,48.6458829274248
"849",2015-04-29,35,120.479216260758
"850",2015-04-30,16,79.9792162607581
"851",2015-05-01,29,51.6458829274248
"852",2015-05-02,22,31.3125495940914
"853",2015-05-03,22,69.6458829274248
"854",2015-05-04,22,97.3125495940914
"855",2015-05-05,16,56.3125495940914
"856",2015-05-06,15,46.3125495940914
"857",2015-05-07,22,117.979216260758
"858",2015-05-08,16,19.5697674418605
"859",2015-05-09,31,52.4031007751938
"860",2015-05-10,23,49.5697674418605
"861",2015-05-11,19,76.0697674418605
"862",2015-05-12,27,91.0697674418605
"863",2015-05-13,18,70.0697674418605
"864",2015-05-14,17,96.9031007751938
"865",2015-05-15,18,87.9031007751938
"866",2015-05-16,15,65.4031007751938
"867",2015-05-17,14,24.4031007751938
"868",2015-05-18,26,75.8364341085271
"869",2015-05-19,28,97.2666666666667
"870",2015-05-20,20,75.7666666666667
"871",2015-05-21,19,90.7666666666667
"872",2015-05-22,15,75.2666666666667
"873",2015-05-23,14,27.6666666666667
"874",2015-05-24,16,48.8333333333333
"875",2015-05-25,25,98.5
"876",2015-05-26,26,82
"877",2015-05-27,12,60
"878",2015-05-28,10,18.6666666666667
"879",2015-05-29,10,30.6666666666667
"880",2015-05-30,9,12.1666666666667
"881",2015-05-31,14,61.6666666666667
"882",2015-06-01,11,38.75
"883",2015-06-02,17,46.25
"884",2015-06-03,16,64.4166666666667
"885",2015-06-04,13,43.75
"886",2015-06-05,8,33
"887",2015-06-06,11,27
"888",2015-06-07,10,29.5
"889",2015-06-08,12,36.1666666666667
"890",2015-06-09,10,38.8333333333333
"891",2015-06-10,10,31.8333333333333
"892",2015-06-11,10,66.6666666666667
"893",2015-06-12,7,55
"894",2015-06-13,14,58.5
"895",2015-06-14,22,42.5
"896",2015-06-15,24,111
"897",2015-06-16,12,121.5
"898",2015-06-17,13,62
"899",2015-06-18,6,10.5
"900",2015-06-19,17,86.5
"901",2015-06-20,21,113
"902",2015-06-21,8,66.5
"903",2015-06-22,7,18.5
"904",2015-06-23,8,101
"905",2015-06-24,7,6
"906",2015-06-25,6,16.8333333333333
"907",2015-06-26,9,47.3333333333333
"908",2015-06-27,21,49.8333333333333
"909",2015-06-28,19,46.5
"910",2015-06-29,4,3
"911",2015-06-30,11,19.3333333333333
"912",2015-07-01,8,52
"913",2015-07-02,8,32
"914",2015-07-03,8,37.1666666666667
"915",2015-07-04,20,43.6666666666667
"916",2015-07-05,21,33.6666666666667
"917",2015-07-06,24,41.8095238095238
"918",2015-07-07,20,67.6428571428571
"919",2015-07-08,9,69.1428571428571
"920",2015-07-09,10,40.6428571428571
"921",2015-07-10,9,117.642857142857
"922",2015-07-11,16,101.142857142857
"923",2015-07-12,26,90.1428571428571
"924",2015-07-13,18,30
"925",2015-07-14,6,49
"926",2015-07-15,8,15
"927",2015-07-16,8,29.5
"928",2015-07-17,4,8.5
"929",2015-07-18,4,13.5
"930",2015-07-19,4,7.5
"931",2015-07-20,7,12.5
"932",2015-07-21,10,18.5
"933",2015-07-22,7,56
"934",2015-07-23,6,9.33333333333333
"935",2015-07-24,10,24
"936",2015-07-25,11,23
"937",2015-07-26,5,14.6666666666667
"938",2015-07-27,3,13
"939",2015-07-28,6,28
"940",2015-07-29,9,37
"941",2015-07-30,1,0
"942",2015-07-31,1,0
"943",2015-08-01,15,40
"944",2015-08-02,22,49
"945",2015-08-03,14,59
"946",2015-08-04,25,122
"947",2015-08-05,26,59
"948",2015-08-06,5,12
"949",2015-08-07,4,54
"950",2015-08-08,8,64.5
"951",2015-08-09,8,49.25
"952",2015-08-10,5,48.25
"953",2015-08-11,9,37.75
"954",2015-08-12,13,29.25
"955",2015-08-13,26,87.3333333333333
"956",2015-08-14,13,46.8333333333333
"957",2015-08-15,19,91.8333333333333
"958",2015-08-16,23,87.3333333333333
"959",2015-08-17,21,61.8333333333333
"960",2015-08-18,9,5.83333333333333
"961",2015-08-19,3,2.5
"962",2015-08-20,5,5.5
"963",2015-08-21,4,14
"964",2015-08-22,3,31.5
"965",2015-08-23,10,60.75
"966",2015-08-24,24,64.25
"967",2015-08-25,19,59.75
"968",2015-08-26,5,32.75
"969",2015-08-27,4,54.3333333333333
"970",2015-08-28,7,135.666666666667
"971",2015-08-29,5,124.666666666667
"972",2015-08-30,6,145.833333333333
"973",2015-08-31,4,48.5
"974",2015-09-01,7,71.8333333333333
"975",2015-09-02,14,87.6666666666667
"976",2015-09-03,6,14.1666666666667
"977",2015-09-04,2,2.33333333333333
"978",2015-09-05,7,75.5
"979",2015-09-06,9,85.5
"980",2015-09-07,24,37
"981",2015-09-08,27,64
"982",2015-09-09,8,47
"983",2015-09-10,4,38
"984",2015-09-11,9,61.5
"985",2015-09-12,6,71.6666666666667
"986",2015-09-13,6,57.1666666666667
"987",2015-09-14,7,57.6666666666667
"988",2015-09-15,4,42
"989",2015-09-16,8,13
"990",2015-09-17,5,12
"991",2015-09-18,18,59.5
"992",2015-09-19,13,64.5
"993",2015-09-20,5,44.5
"994",2015-09-21,16,37
"995",2015-09-22,28,65
"996",2015-09-23,9,11.5
"997",2015-09-24,2,1
"998",2015-09-25,2,1.66666666666667
"999",2015-09-26,4,38.1666666666667
"1000",2015-09-27,7,153.833333333333
"1001",2015-09-28,12,112.061904761905
"1002",2015-09-29,23,180.561904761905
"1003",2015-09-30,18,152.395238095238
"1004",2015-10-01,8,84.5619047619048
"1005",2015-10-02,7,85.5619047619048
"1006",2015-10-03,9,207.761904761905
"1007",2015-10-04,7,69.7619047619048
"1008",2015-10-05,8,21.6666666666667
"1009",2015-10-06,7,36.6666666666667
"1010",2015-10-07,8,32.6666666666667
"1011",2015-10-08,11,38.8333333333333
"1012",2015-10-09,13,117.833333333333
"1013",2015-10-10,8,109.333333333333
"1014",2015-10-11,7,95.3333333333333
"1015",2015-10-12,20,56.1666666666667
"1016",2015-10-13,41,306.666666666667
"1017",2015-10-14,36,187.666666666667
"1018",2015-10-15,18,31.1666666666667
"1019",2015-10-16,7,27.1666666666667
"1020",2015-10-17,8,28.3333333333333
"1021",2015-10-18,13,55.3333333333333
"1022",2015-10-19,11,30.5
"1023",2015-10-20,11,50.8333333333333
"1024",2015-10-21,6,31.8333333333333
"1025",2015-10-22,7,31.3333333333333
"1026",2015-10-23,9,44
"1027",2015-10-24,5,111.166666666667
"1028",2015-10-25,11,156.166666666667
"1029",2015-10-26,12,49.3333333333333
"1030",2015-10-27,4,10.8333333333333
"1031",2015-10-28,6,20.8333333333333
"1032",2015-10-29,5,13
"1033",2015-10-30,5,38
"1034",2015-10-31,1,12
"1035",2015-11-01,5,52.5
"1036",2015-11-02,2,4.5
"1037",2015-11-03,5,25.5
"1038",2015-11-04,5,8.5
"1039",2015-11-05,4,36.6666666666667
"1040",2015-11-06,5,13.6666666666667
"1041",2015-11-07,16,58.1666666666667
"1042",2015-11-08,11,47.6666666666667
"1043",2015-11-09,11,25.8333333333333
"1044",2015-11-10,12,26.3333333333333
"1045",2015-11-11,10,22.1666666666667
"1046",2015-11-12,7,41.8333333333333
"1047",2015-11-13,4,29.3333333333333
"1048",2015-11-14,12,46.3333333333333
"1049",2015-11-15,14,29.5
"1050",2015-11-16,12,16.5
"1051",2015-11-17,14,36
"1052",2015-11-18,7,36
"1053",2015-11-19,4,10
"1054",2015-11-20,5,11.1666666666667
"1055",2015-11-21,11,86.6666666666667
"1056",2015-11-22,17,35.6666666666667
"1057",2015-11-23,15,36.5
"1058",2015-11-24,12,36.5
"1059",2015-11-25,8,28
"1060",2015-11-26,5,7.5
"1061",2015-11-27,5,4.66666666666667
"1062",2015-11-28,8,7.16666666666667
"1063",2015-11-29,7,12.1666666666667
"1064",2015-11-30,5,21
"1065",2015-12-01,6,19
"1066",2015-12-02,8,27.5
"1067",2015-12-03,3,24.5
"1068",2015-12-04,3,27.5
"1069",2015-12-05,4,42.5
"1070",2015-12-06,13,9
"1071",2015-12-07,17,55.6666666666667
"1072",2015-12-08,5,77.1666666666667
"1073",2015-12-09,4,75.1666666666667
"1074",2015-12-10,3,5
"1075",2015-12-11,5,7
"1076",2015-12-12,3,5
"1077",2015-12-13,8,9
"1078",2015-12-14,11,40.5
"1079",2015-12-15,9,20
"1080",2015-12-16,9,19.5
"1081",2015-12-17,1,3
"1082",2015-12-18,11,73
"1083",2015-12-19,18,75
"1084",2015-12-20,19,86
"1085",2015-12-21,19,60
"1086",2015-12-22,8,26
"1087",2015-12-23,2,57
"1088",2015-12-24,1,16
"1089",2015-12-25,8,18.5
"1090",2015-12-26,19,33.1666666666667
"1091",2015-12-27,17,35.6666666666667
"1092",2015-12-28,12,58.1666666666667
"1093",2015-12-29,9,48
"1094",2015-12-30,5,19
"1095",2015-12-31,3,26.5
"1096",2016-01-01,13,12.1388888888889
"1097",2016-01-02,24,23.9722222222222
"1098",2016-01-03,22,25.4722222222222
"1099",2016-01-04,17,54.6388888888889
"1100",2016-01-05,12,31.7222222222222
"1101",2016-01-06,10,39.7222222222222
"1102",2016-01-07,9,74.8888888888889
"1103",2016-01-08,10,46.7222222222222
"1104",2016-01-09,15,49.7222222222222
"1105",2016-01-10,10,39
"1106",2016-01-11,11,42
"1107",2016-01-12,2,0
"1108",2016-01-13,11,48.6666666666667
"1109",2016-01-14,21,45.6333333333333
"1110",2016-01-15,26,93.8
"1111",2016-01-16,16,36.1333333333333
"1112",2016-01-17,8,12.9666666666667
"1113",2016-01-18,7,10.8
"1114",2016-01-19,10,26.8333333333333
"1115",2016-01-20,5,10.8333333333333
"1116",2016-01-21,10,6.83333333333333
"1117",2016-01-22,17,36.5
"1118",2016-01-23,10,49
"1119",2016-01-24,8,16.3333333333333
"1120",2016-01-25,11,44.3333333333333
"1121",2016-01-26,12,45.3333333333333
"1122",2016-01-27,8,16.3333333333333
"1123",2016-01-28,11,15.8333333333333
"1124",2016-01-29,7,10.8333333333333
"1125",2016-01-30,11,29.5
"1126",2016-01-31,6,22.5
"1127",2016-02-01,13,86.3333333333333
"1128",2016-02-02,15,41.8333333333333
"1129",2016-02-03,8,35.8333333333333
"1130",2016-02-04,11,28
"1131",2016-02-05,15,41
"1132",2016-02-06,12,34
"1133",2016-02-07,18,48
"1134",2016-02-08,16,58
"1135",2016-02-09,19,71.1666666666667
"1136",2016-02-10,6,15.1666666666667
"1137",2016-02-11,9,24.4166666666667
"1138",2016-02-12,9,41.4166666666667
"1139",2016-02-13,13,63.4166666666667
"1140",2016-02-14,18,45.5833333333333
"1141",2016-02-15,23,89.7916666666667
"1142",2016-02-16,11,32.2916666666667
"1143",2016-02-17,13,61.625
"1144",2016-02-18,15,104.625
"1145",2016-02-19,9,29.125
"1146",2016-02-20,5,18.625
"1147",2016-02-21,7,39.125
"1148",2016-02-22,9,49.125
"1149",2016-02-23,8,19.5
"1150",2016-02-24,8,53
"1151",2016-02-25,15,60.6666666666667
"1152",2016-02-26,14,33.8
"1153",2016-02-27,18,103.05
"1154",2016-02-28,10,36.8833333333333
"1155",2016-02-29,8,30.8833333333333
"1156",2016-03-01,9,37.4155913978495
"1157",2016-03-02,6,16.1655913978495
"1158",2016-03-03,13,37.6655913978495
"1159",2016-03-04,11,25.6655913978495
"1160",2016-03-05,11,78.1655913978495
"1161",2016-03-06,14,36.4155913978495
"1162",2016-03-07,22,60.971146953405
"1163",2016-03-08,17,50.471146953405
"1164",2016-03-09,13,46.8044802867384
"1165",2016-03-10,10,40.3878136200717
"1166",2016-03-11,17,78.221146953405
"1167",2016-03-12,13,49.4913223920015
"1168",2016-03-13,9,14.3246557253348
"1169",2016-03-14,13,43.9913223920015
"1170",2016-03-15,11,19.9913223920015
"1171",2016-03-16,10,56.7691001697793
"1172",2016-03-17,9,52.7691001697793
"1173",2016-03-18,8,20.7691001697793
"1174",2016-03-19,5,2.76910016977929
"1175",2016-03-20,12,34.7691001697793
"1176",2016-03-21,11,21.7691001697793
"1177",2016-03-22,17,28.2691001697793
"1178",2016-03-23,14,36.2691001697793
"1179",2016-03-24,13,35.2691001697793
"1180",2016-03-25,13,42.5191001697793
"1181",2016-03-26,11,30.0191001697793
"1182",2016-03-27,12,54.0191001697793
"1183",2016-03-28,13,53.5191001697793
"1184",2016-03-29,16,48.2691001697793
"1185",2016-03-30,16,33.0191001697793
"1186",2016-03-31,11,30.2822580645161
"1187",2016-04-01,5,9.75
"1188",2016-04-02,7,18.25
"1189",2016-04-03,11,43
"1190",2016-04-04,11,34.5
"1191",2016-04-05,9,66
"1192",2016-04-06,14,40.5
"1193",2016-04-07,20,68
"1194",2016-04-08,11,42
"1195",2016-04-09,7,30.5
"1196",2016-04-10,7,43
"1197",2016-04-11,8,36
"1198",2016-04-12,24,48.6666666666667
"1199",2016-04-13,29,76.6666666666666
"1200",2016-04-14,31,136.666666666667
"1201",2016-04-15,23,108.833333333333
"1202",2016-04-16,15,39.8333333333333
"1203",2016-04-17,30,89.5
"1204",2016-04-18,22,54.5
"1205",2016-04-19,7,81
"1206",2016-04-20,20,33.8333333333333
"1207",2016-04-21,23,51.5
"1208",2016-04-22,23,62
"1209",2016-04-23,13,21.5
"1210",2016-04-24,12,33.5
"1211",2016-04-25,18,34.6666666666667
"1212",2016-04-26,25,85.8333333333333
"1213",2016-04-27,11,29.8333333333333
"1214",2016-04-28,19,71.6666666666667
"1215",2016-04-29,34,89.3333333333334
"1216",2016-04-30,28,43.3333333333333
"1217",2016-05-01,30,57.5208333333333
"1218",2016-05-02,12,42.1875
"1219",2016-05-03,5,4.6875
"1220",2016-05-04,12,26.6875
"1221",2016-05-05,13,44.0208333333333
"1222",2016-05-06,32,75.0208333333333
"1223",2016-05-07,32,72.8541666666667
"1224",2016-05-08,22,52.1875
"1225",2016-05-09,26,49.3303571428571
"1226",2016-05-10,21,54.9494047619048
"1227",2016-05-11,12,56.2827380952381
"1228",2016-05-12,19,34.9494047619048
"1229",2016-05-13,17,41.2827380952381
"1230",2016-05-14,35,79.7827380952381
"1231",2016-05-15,28,90.1160714285714
"1232",2016-05-16,16,57.4732142857143
"1233",2016-05-17,16,94.3333333333333
"1234",2016-05-18,29,124.833333333333
"1235",2016-05-19,28,167.333333333333
"1236",2016-05-20,8,31.1666666666667
"1237",2016-05-21,14,39.6666666666667
"1238",2016-05-22,6,16.6666666666667
"1239",2016-05-23,4,34
"1240",2016-05-24,9,56.5
"1241",2016-05-25,10,43.1666666666667
"1242",2016-05-26,24,42.6666666666667
"1243",2016-05-27,25,49.9166666666667
"1244",2016-05-28,22,115.75
"1245",2016-05-29,20,144.75
"1246",2016-05-30,15,65.75
"1247",2016-05-31,14,61.5
"1248",2016-06-01,17,97
"1249",2016-06-02,13,60.5
"1250",2016-06-03,10,92.8333333333333
"1251",2016-06-04,10,26.3333333333333
"1252",2016-06-05,15,48.3333333333333
"1253",2016-06-06,10,29.3333333333333
"1254",2016-06-07,19,46.3333333333333
"1255",2016-06-08,18,22.3333333333333
"1256",2016-06-09,4,9.5
"1257",2016-06-10,11,42.5
"1258",2016-06-11,10,94
"1259",2016-06-12,11,49.1666666666667
"1260",2016-06-13,12,68.6666666666667
"1261",2016-06-14,12,79.1666666666667
"1262",2016-06-15,13,98.6666666666667
"1263",2016-06-16,32,54.5
"1264",2016-06-17,25,29.5
"1265",2016-06-18,9,29.8333333333333
"1266",2016-06-19,9,37.1666666666667
"1267",2016-06-20,8,31.6666666666667
"1268",2016-06-21,8,21.6666666666667
"1269",2016-06-22,8,16
"1270",2016-06-23,24,50.5
"1271",2016-06-24,24,63.5
"1272",2016-06-25,13,95
"1273",2016-06-26,11,39.6666666666667
"1274",2016-06-27,7,35.6666666666667
"1275",2016-06-28,9,82.1666666666667
"1276",2016-06-29,4,18.5
"1277",2016-06-30,7,66.5
"1278",2016-07-01,5,41
"1279",2016-07-02,9,38
"1280",2016-07-03,9,39
"1281",2016-07-04,9,50.5
"1282",2016-07-05,7,34
"1283",2016-07-06,3,1
"1284",2016-07-07,5,10
"1285",2016-07-08,16,34.5
"1286",2016-07-09,19,32
"1287",2016-07-10,10,25.5
"1288",2016-07-11,5,14
"1289",2016-07-12,6,49
"1290",2016-07-13,7,63
"1291",2016-07-14,12,52
"1292",2016-07-15,15,63.5
"1293",2016-07-16,10,58.5
"1294",2016-07-17,5,20
"1295",2016-07-18,5,34
"1296",2016-07-19,7,29.8333333333333
"1297",2016-07-20,7,39.3333333333333
"1298",2016-07-21,5,23.8333333333333
"1299",2016-07-22,4,41.5
"1300",2016-07-23,12,145.708333333333
"1301",2016-07-24,11,52.2083333333333
"1302",2016-07-25,10,84.1495098039216
"1303",2016-07-26,8,80.1495098039216
"1304",2016-07-27,9,41.034125188537
"1305",2016-07-28,27,49.034125188537
"1306",2016-07-29,29,71.2007918552036
"1307",2016-07-30,18,63.2007918552036
"1308",2016-07-31,22,74.8257918552036
"1309",2016-08-01,22,76.3849316401498
"1310",2016-08-02,17,68.5515983068165
"1311",2016-08-03,10,46.5515983068165
"1312",2016-08-04,10,29.2182649734832
"1313",2016-08-05,13,48.2182649734832
"1314",2016-08-06,14,83.7182649734832
"1315",2016-08-07,16,52.9682649734832
"1316",2016-08-08,19,108.13493164015
"1317",2016-08-09,10,34.7503162555345
"1318",2016-08-10,13,85.7503162555345
"1319",2016-08-11,13,99.86866359447
"1320",2016-08-12,15,99.36866359447
"1321",2016-08-13,18,77.86866359447
"1322",2016-08-14,13,27.8448540706605
"1323",2016-08-15,12,25.3448540706605
"1324",2016-08-16,10,21.3448540706605
"1325",2016-08-17,7,23.0115207373272
"1326",2016-08-18,10,62.3448540706605
"1327",2016-08-19,14,63.3448540706605
"1328",2016-08-20,15,43.3448540706605
"1329",2016-08-21,9,19.36866359447
"1330",2016-08-22,13,95.5115207373272
"1331",2016-08-23,14,67.5115207373272
"1332",2016-08-24,17,74.5115207373272
"1333",2016-08-25,10,74.36866359447
"1334",2016-08-26,8,54.86866359447
"1335",2016-08-27,8,49.86866359447
"1336",2016-08-28,7,40.36866359447
"1337",2016-08-29,10,217.225806451613
"1338",2016-08-30,14,80.2258064516129
"1339",2016-08-31,11,70.2258064516129
"1340",2016-09-01,8,75.9444444444444
"1341",2016-09-02,10,63.9444444444444
"1342",2016-09-03,7,28.9444444444444
"1343",2016-09-04,9,40.2777777777778
"1344",2016-09-05,13,162.777777777778
"1345",2016-09-06,11,133.777777777778
"1346",2016-09-07,7,79.9444444444444
"1347",2016-09-08,8,63.2777777777778
"1348",2016-09-09,6,35.7777777777778
"1349",2016-09-10,8,15.3333333333333
"1350",2016-09-11,13,61
"1351",2016-09-12,14,71.6666666666667
"1352",2016-09-13,13,35.6666666666667
"1353",2016-09-14,24,77.1666666666667
"1354",2016-09-15,10,60.5
"1355",2016-09-16,4,8.33333333333333
"1356",2016-09-17,7,43.3333333333333
"1357",2016-09-18,7,18.3333333333333
"1358",2016-09-19,8,58
"1359",2016-09-20,3,15.5
"1360",2016-09-21,4,19.5
"1361",2016-09-22,11,83
"1362",2016-09-23,14,72.3333333333333
"1363",2016-09-24,6,45.3333333333333
"1364",2016-09-25,5,30.8333333333333
"1365",2016-09-26,3,28.5
"1366",2016-09-27,4,21.1666666666667
"1367",2016-09-28,7,31.8333333333333
"1368",2016-09-29,7,34.1666666666667
"1369",2016-09-30,11,45.5
"1370",2016-10-01,15,64.1666666666667
"1371",2016-10-02,14,62.0333333333333
"1372",2016-10-03,14,112.7
"1373",2016-10-04,21,147.024675324675
"1374",2016-10-05,16,113.024675324675
"1375",2016-10-06,21,141.667532467532
"1376",2016-10-07,22,119.467532467532
"1377",2016-10-08,25,118.967532467532
"1378",2016-10-09,32,165.800865800866
"1379",2016-10-10,28,156.300865800866
"1380",2016-10-11,34,244.800865800866
"1381",2016-10-12,22,159.800865800866
"1382",2016-10-13,21,107.300865800866
"1383",2016-10-14,19,96.3008658008658
"1384",2016-10-15,16,90.7857142857143
"1385",2016-10-16,18,104.619047619048
"1386",2016-10-17,18,106.952380952381
"1387",2016-10-18,15,52.2857142857143
"1388",2016-10-19,22,58.6190476190476
"1389",2016-10-20,14,58.6428571428571
"1390",2016-10-21,16,155.142857142857
"1391",2016-10-22,10,78.9761904761905
"1392",2016-10-23,9,29.2261904761905
"1393",2016-10-24,14,68.2261904761905
"1394",2016-10-25,8,47.25
"1395",2016-10-26,6,71.75
"1396",2016-10-27,5,46
"1397",2016-10-28,9,65.5
"1398",2016-10-29,7,41.5
"1399",2016-10-30,12,61.1666666666667
"1400",2016-10-31,14,74.8333333333333
"1401",2016-11-01,16,89.6904761904762
"1402",2016-11-02,8,98.8571428571429
"1403",2016-11-03,6,86.5238095238095
"1404",2016-11-04,8,42.5238095238095
"1405",2016-11-05,10,34.5238095238095
"1406",2016-11-06,6,30.1904761904762
"1407",2016-11-07,10,37.1904761904762
"1408",2016-11-08,7,31
"1409",2016-11-09,5,27
"1410",2016-11-10,5,31.3333333333333
"1411",2016-11-11,4,33.3333333333333
"1412",2016-11-12,5,26.3333333333333
"1413",2016-11-13,11,14.5
"1414",2016-11-14,10,13.5
"1415",2016-11-15,7,14
"1416",2016-11-16,4,14.5
"1417",2016-11-17,5,29
"1418",2016-11-18,16,67
"1419",2016-11-19,9,21.8333333333333
"1420",2016-11-20,10,29.8333333333333
"1421",2016-11-21,8,47.8333333333333
"1422",2016-11-22,3,7
"1423",2016-11-23,2,6
"1424",2016-11-24,14,9.5
"1425",2016-11-25,15,20.1666666666667
"1426",2016-11-26,3,16.6666666666667
"1427",2016-11-27,8,44.6666666666667
"1428",2016-11-28,8,28.6666666666667
"1429",2016-11-29,8,22.6666666666667
"1430",2016-11-30,9,49.3333333333333
"1431",2016-12-01,20,26.6666666666667
"1432",2016-12-02,19,33.6666666666667
"1433",2016-12-03,7,20.3333333333333
"1434",2016-12-04,4,20.8333333333333
"1435",2016-12-05,7,52.8333333333333
"1436",2016-12-06,8,32.6666666666667
"1437",2016-12-07,11,31.3333333333333
"1438",2016-12-08,5,15.8333333333333
"1439",2016-12-09,8,39.1666666666667
"1440",2016-12-10,5,17.8571428571429
"1441",2016-12-11,11,31.8571428571429
"1442",2016-12-12,12,62.1904761904762
"1443",2016-12-13,6,17.5238095238095
"1444",2016-12-14,7,27.5238095238095
"1445",2016-12-15,4,8.19047619047619
"1446",2016-12-16,2,3.85714285714286
"1447",2016-12-17,3,12
"1448",2016-12-18,6,21
"1449",2016-12-19,11,35
"1450",2016-12-20,12,45
"1451",2016-12-21,5,22.5
"1452",2016-12-22,12,15.8333333333333
"1453",2016-12-23,15,20.3333333333333
"1454",2016-12-24,9,16.3333333333333
"1455",2016-12-25,12,21.5
"1456",2016-12-26,5,27.5
"1457",2016-12-27,7,23.1666666666667
"1458",2016-12-28,7,24.1666666666667
"1459",2016-12-29,19,51.5
"1460",2016-12-30,19,50.8333333333333
"1461",2016-12-31,16,79.3333333333333
"1462",2017-01-01,23,75.3333333333333
"1463",2017-01-02,29,88.8333333333333
"1464",2017-01-03,21,29.6666666666667
"1465",2017-01-04,28,64.4761904761905
"1466",2017-01-05,28,42.7261904761905
"1467",2017-01-06,23,33.8928571428571
"1468",2017-01-07,20,17.8928571428571
"1469",2017-01-08,18,26.8928571428571
"1470",2017-01-09,17,33.1428571428571
"1471",2017-01-10,18,101.142857142857
"1472",2017-01-11,12,25
"1473",2017-01-12,17,41
"1474",2017-01-13,21,47.6666666666667
"1475",2017-01-14,20,74.3333333333333
"1476",2017-01-15,17,29.3333333333333
"1477",2017-01-16,14,26.3333333333333
"1478",2017-01-17,10,12.6666666666667
"1479",2017-01-18,7,6.66666666666667
"1480",2017-01-19,17,24
"1481",2017-01-20,28,76.5
"1482",2017-01-21,25,56
"1483",2017-01-22,17,47.5
"1484",2017-01-23,9,32.4166666666667
"1485",2017-01-24,12,47.4166666666667
"1486",2017-01-25,11,43.4166666666667
"1487",2017-01-26,8,34.75
"1488",2017-01-27,10,23.6666666666667
"1489",2017-01-28,11,24.6666666666667
"1490",2017-01-29,10,30.6666666666667
"1491",2017-01-30,14,59.9333333333333
"1492",2017-01-31,10,46.2666666666667
"1493",2017-02-01,21,77.2666666666667
"1494",2017-02-02,11,70.6
"1495",2017-02-03,7,73.2666666666667
"1496",2017-02-04,4,18.6666666666667
"1497",2017-02-05,11,40.5
"1498",2017-02-06,16,63.5
"1499",2017-02-07,8,62.5
"1500",2017-02-08,12,51.8333333333333
"1501",2017-02-09,3,14.3333333333333
"1502",2017-02-10,17,75.8333333333333
"1503",2017-02-11,19,74.8333333333333
"1504",2017-02-12,7,18.3333333333333
"1505",2017-02-13,18,25.3333333333333
"1506",2017-02-14,17,44
"1507",2017-02-15,9,31
"1508",2017-02-16,16,55.6666666666667
"1509",2017-02-17,17,44.1666666666667
"1510",2017-02-18,9,76.1666666666667
"1511",2017-02-19,7,33
"1512",2017-02-20,11,32.3333333333333
"1513",2017-02-21,9,32.3333333333333
"1514",2017-02-22,11,47.3333333333333
"1515",2017-02-23,18,50.5
"1516",2017-02-24,20,54.3333333333333
"1517",2017-02-25,20,74.6666666666667
"1518",2017-02-26,16,55.6666666666667
"1519",2017-02-27,11,42.1666666666667
"1520",2017-02-28,4,46.3333333333333
"1521",2017-03-01,14,112.833333333333
"1522",2017-03-02,8,98.5
"1523",2017-03-03,13,122.666666666667
"1524",2017-03-04,18,81.1666666666667
"1525",2017-03-05,18,53
"1526",2017-03-06,9,37.5
"1527",2017-03-07,7,23
"1528",2017-03-08,11,94.6666666666667
"1529",2017-03-09,8,17.5
"1530",2017-03-10,19,80.6666666666667
"1531",2017-03-11,24,94.1666666666667
"1532",2017-03-12,20,80
"1533",2017-03-13,17,78
"1534",2017-03-14,25,43.5
"1535",2017-03-15,23,31.1666666666667
"1536",2017-03-16,17,31.5625
"1537",2017-03-17,34,80.3958333333333
"1538",2017-03-18,29,82.8958333333333
"1539",2017-03-19,23,79.6458333333333
"1540",2017-03-20,16,71.3125
"1541",2017-03-21,6,1.8125
"1542",2017-03-22,7,2.8125
"1543",2017-03-23,11,44.5625
"1544",2017-03-24,14,61.0625
"1545",2017-03-25,11,40.5625
"1546",2017-03-26,11,7.39583333333333
"1547",2017-03-27,23,108.110119047619
"1548",2017-03-28,20,64.6101190476191
"1549",2017-03-29,27,179.943452380952
"1550",2017-03-30,19,56.9434523809524
"1551",2017-03-31,10,29.9434523809524
"1552",2017-04-01,7,33.7142857142857
"1553",2017-04-02,9,34.2142857142857
"1554",2017-04-03,6,50.5
"1555",2017-04-04,6,17.8333333333333
"1556",2017-04-05,12,74.3333333333333
"1557",2017-04-06,10,36
"1558",2017-04-07,12,67.6666666666667
"1559",2017-04-08,18,93.8333333333333
"1560",2017-04-09,6,26.1666666666667
"1561",2017-04-10,14,41.1666666666667
"1562",2017-04-11,8,59
"1563",2017-04-12,4,25
"1564",2017-04-13,2,103
"1565",2017-04-14,6,33.6666666666667
"1566",2017-04-15,7,23
"1567",2017-04-16,8,26
"1568",2017-04-17,6,16.3333333333333
"1569",2017-04-18,11,26.7333333333333
"1570",2017-04-19,11,37.7333333333333
"1571",2017-04-20,9,34.7333333333333
"1572",2017-04-21,7,184.4
"1573",2017-04-22,9,26.4
"1574",2017-04-23,8,28.5
"1575",2017-04-24,13,49.5
"1576",2017-04-25,13,101.9
"1577",2017-04-26,7,115.9
"1578",2017-04-27,19,27.4
"1579",2017-04-28,24,46.1142857142857
"1580",2017-04-29,24,60.6142857142857
"1581",2017-04-30,19,67.2142857142857
"1582",2017-05-01,11,82.2142857142857
"1583",2017-05-02,4,27.2142857142857
"1584",2017-05-03,7,43.2142857142857
"1585",2017-05-04,7,123.214285714286
"1586",2017-05-05,2,7
"1587",2017-05-06,1,11.25
"1588",2017-05-07,14,123.083333333333
"1589",2017-05-08,10,51.5833333333333
"1590",2017-05-09,7,39.0833333333333
"1591",2017-05-10,6,31.8571428571429
"1592",2017-05-11,9,51.8571428571429
"1593",2017-05-12,13,91.8571428571429
"1594",2017-05-13,10,62.6904761904762
"1595",2017-05-14,10,53.0238095238095
"1596",2017-05-15,19,34.3571428571429
"1597",2017-05-16,20,90.6904761904762
"1598",2017-05-17,13,58.7857142857143
"1599",2017-05-18,15,77.4523809523809
"1600",2017-05-19,13,120.785714285714
"1601",2017-05-20,10,80.7857142857143
"1602",2017-05-21,10,69.6190476190476
"1603",2017-05-22,9,39.1190476190476
"1604",2017-05-23,8,46.1190476190476
"1605",2017-05-24,11,96.7142857142857
"1606",2017-05-25,13,82.8809523809524
"1607",2017-05-26,10,58.8809523809524
"1608",2017-05-27,12,130.714285714286
"1609",2017-05-28,9,33.5476190476191
"1610",2017-05-29,13,77.5476190476191
"1611",2017-05-30,5,22.7142857142857
"1612",2017-05-31,3,28
"1613",2017-06-01,2,5
"1614",2017-06-02,3,9
"1615",2017-06-03,4,33
"1616",2017-06-04,11,68.5
"1617",2017-06-05,6,43
"1618",2017-06-06,6,44.8
"1619",2017-06-07,9,49.3
"1620",2017-06-08,7,19.8
"1621",2017-06-09,11,43.3
"1622",2017-06-10,15,49.6333333333333
"1623",2017-06-11,3,15.3333333333333
"1624",2017-06-12,8,27.3333333333333
"1625",2017-06-13,12,100.5
"1626",2017-06-14,7,30.5
"1627",2017-06-15,3,15
"1628",2017-06-16,5,18.5
"1629",2017-06-17,5,29.5
"1630",2017-06-18,8,32.6666666666667
"1631",2017-06-19,8,53.6666666666667
"1632",2017-06-20,15,28.6666666666667
"1633",2017-06-21,7,7
"1634",2017-06-22,4,48
"1635",2017-06-23,5,17.5
"1636",2017-06-24,15,13
"1637",2017-06-25,17,34.5
"1638",2017-06-26,13,17.5
"1639",2017-06-27,15,38.5
"1640",2017-06-28,4,10
"1641",2017-06-29,6,51
"1642",2017-06-30,14,49
"1643",2017-07-01,19,129.933333333333
"1644",2017-07-02,11,102.308333333333
"1645",2017-07-03,7,32.3083333333333
"1646",2017-07-04,7,48.3083333333333
"1647",2017-07-05,13,61.5083333333333
"1648",2017-07-06,26,104.508333333333
"1649",2017-07-07,32,96.175
"1650",2017-07-08,20,91.175
"1651",2017-07-09,26,65.675
"1652",2017-07-10,20,38.9333333333333
"1653",2017-07-11,9,32.4333333333333
"1654",2017-07-12,11,39.9333333333333
"1655",2017-07-13,11,38.9333333333333
"1656",2017-07-14,22,62.9333333333333
"1657",2017-07-15,22,74.9333333333333
"1658",2017-07-16,7,49
"1659",2017-07-17,8,28
"1660",2017-07-18,31,76
"1661",2017-07-19,24,35
"1662",2017-07-20,14,95.0555555555556
"1663",2017-07-21,25,164.222222222222
"1664",2017-07-22,21,76.3888888888889
"1665",2017-07-23,12,138.888888888889
"1666",2017-07-24,12,186.722222222222
"1667",2017-07-25,7,98.0555555555556
"1668",2017-07-26,23,170.722222222222
"1669",2017-07-27,21,65.7222222222222
"1670",2017-07-28,21,123.222222222222
"1671",2017-07-29,22,113
"1672",2017-07-30,4,20
"1673",2017-07-31,7,56
"1674",2017-08-01,8,95.3333333333333
"1675",2017-08-02,19,144.333333333333
"1676",2017-08-03,26,61.8333333333333
"1677",2017-08-04,28,202.833333333333
"1678",2017-08-05,8,50.3333333333333
"1679",2017-08-06,9,60.8333333333333
"1680",2017-08-07,13,34.1666666666667
"1681",2017-08-08,10,27.6666666666667
"1682",2017-08-09,11,24.6666666666667
"1683",2017-08-10,25,82
"1684",2017-08-11,27,101
"1685",2017-08-12,9,52
"1686",2017-08-13,7,65.5
"1687",2017-08-14,11,143
"1688",2017-08-15,8,53.3333333333333
"1689",2017-08-16,9,169.833333333333
"1690",2017-08-17,3,15.3333333333333
"1691",2017-08-18,8,104
"1692",2017-08-19,7,69.5
"1693",2017-08-20,6,79.5833333333333
"1694",2017-08-21,11,33.25
"1695",2017-08-22,18,144.25
"1696",2017-08-23,13,113.75
"1697",2017-08-24,10,66.75
"1698",2017-08-25,8,66.75
"1699",2017-08-26,11,36.4166666666667
"1700",2017-08-27,12,60.75
"1701",2017-08-28,11,96.0833333333333
"1702",2017-08-29,6,15.9166666666667
"1703",2017-08-30,7,26.9166666666667
"1704",2017-08-31,2,0.0833333333333333
"1705",2017-09-01,13,18
"1706",2017-09-02,16,43
"1707",2017-09-03,2,2.33333333333333
"1708",2017-09-04,9,39.3333333333333
"1709",2017-09-05,8,79.8333333333333
"1710",2017-09-06,12,28.1666666666667
"1711",2017-09-07,22,54.1666666666667
"1712",2017-09-08,20,42.1666666666667
"1713",2017-09-09,12,23
"1714",2017-09-10,15,44
"1715",2017-09-11,27,66.5
"1716",2017-09-12,21,31.1666666666667
"1717",2017-09-13,12,35.6666666666667
"1718",2017-09-14,13,33.6666666666667
"1719",2017-09-15,7,38.1666666666667
"1720",2017-09-16,11,55.6666666666667
"1721",2017-09-17,14,63.6666666666667
"1722",2017-09-18,16,83.875
"1723",2017-09-19,20,74.375
"1724",2017-09-20,12,50.375
"1725",2017-09-21,5,12.375
"1726",2017-09-22,19,117.375
"1727",2017-09-23,9,44.2083333333333
"1728",2017-09-24,10,59.9940476190476
"1729",2017-09-25,11,49.9940476190476
"1730",2017-09-26,14,63.2857142857143
"1731",2017-09-27,13,91.2857142857143
"1732",2017-09-28,22,89.7857142857143
"1733",2017-09-29,21,88.2857142857143
"1734",2017-09-30,10,50.4190476190476
"1735",2017-10-01,10,62.1690476190476
"1736",2017-10-02,10,64.5023809523809
"1737",2017-10-03,9,94.1690476190476
"1738",2017-10-04,12,95.1690476190476
"1739",2017-10-05,13,139.452380952381
"1740",2017-10-06,10,108.452380952381
"1741",2017-10-07,6,20.952380952381
"1742",2017-10-08,7,54
"1743",2017-10-09,5,48
"1744",2017-10-10,6,29
"1745",2017-10-11,1,0
"1746",2017-10-12,4,20
"1747",2017-10-13,3,25
"1748",2017-10-14,4,33
"1749",2017-10-15,5,22
"1750",2017-10-16,11,73
"1751",2017-10-17,12,114
"1752",2017-10-18,8,92
"1753",2017-10-19,5,83
"1754",2017-10-20,7,146
"1755",2017-10-21,3,54
"1756",2017-10-22,9,31
"1757",2017-10-23,8,76.75
"1758",2017-10-24,10,80.75
"1759",2017-10-25,6,23.0833333333333
"1760",2017-10-26,3,45.0833333333333
"1761",2017-10-27,4,62.3333333333333
"1762",2017-10-28,2,22
"1763",2017-10-29,8,61.5
"1764",2017-10-30,2,13
"1765",2017-10-31,9,26
"1766",2017-11-01,11,38.5
"1767",2017-11-02,0,0
"1768",2017-11-03,8,34.6666666666667
"1769",2017-11-04,8,43.6666666666667
"1770",2017-11-05,9,37.6666666666667
"1771",2017-11-06,3,19
"1772",2017-11-07,7,53
"1773",2017-11-08,2,12
"1774",2017-11-09,5,24
"1775",2017-11-10,12,45.2
"1776",2017-11-11,9,19.5333333333333
"1777",2017-11-12,11,24.8666666666667
"1778",2017-11-13,16,88.8666666666667
"1779",2017-11-14,15,96.5333333333333
"1780",2017-11-15,6,3.2
"1781",2017-11-16,10,41.2
"1782",2017-11-17,8,18.7
"1783",2017-11-18,10,24.7
"1784",2017-11-19,14,25.5333333333333
"1785",2017-11-20,13,82.3333333333333
"1786",2017-11-21,15,90.3333333333333
"1787",2017-11-22,3,88
"1788",2017-11-23,7,114
"1789",2017-11-24,5,46
"1790",2017-11-25,4,25.3333333333333
"1791",2017-11-26,6,43.8333333333333
"1792",2017-11-27,8,56.3333333333333
"1793",2017-11-28,5,21
"1794",2017-11-29,6,30.5
"1795",2017-11-30,4,11.5
"1796",2017-12-01,22,58.25
"1797",2017-12-02,22,50.25
"1798",2017-12-03,7,13.75
"1799",2017-12-04,5,7.91666666666667
"1800",2017-12-05,2,25.6666666666667
"1801",2017-12-06,13,46.1666666666667
"1802",2017-12-07,8,36.3
"1803",2017-12-08,6,23.8
"1804",2017-12-09,5,34.8
"1805",2017-12-10,5,24.6
"1806",2017-12-11,6,14.6
"1807",2017-12-12,11,23.3
"1808",2017-12-13,8,58.8
"1809",2017-12-14,8,20.8
"1810",2017-12-15,9,44.5
"1811",2017-12-16,6,33.5
"1812",2017-12-17,6,31.5
"1813",2017-12-18,9,39
"1814",2017-12-19,6,23
"1815",2017-12-20,8,54.6666666666667
"1816",2017-12-21,10,39.6666666666667
"1817",2017-12-22,16,64.6666666666667
"1818",2017-12-23,3,6
"1819",2017-12-24,11,42.6666666666667
"1820",2017-12-25,11,53.6666666666667
"1821",2017-12-26,5,18.3333333333333
"1822",2017-12-27,4,9.66666666666667
"1823",2017-12-28,13,75.6666666666667
"1824",2017-12-29,11,25
"1825",2017-12-30,2,15
"1826",2017-12-31,9,71
