"","date","onesided_casualties","onesided_active_events"
"1",2013-01-01,0,0
"2",2013-01-02,0,1
"3",2013-01-03,0,0
"4",2013-01-04,0,0
"5",2013-01-05,0,0
"6",2013-01-06,0,0
"7",2013-01-07,0,0
"8",2013-01-08,0,0
"9",2013-01-09,0.25,1
"10",2013-01-10,0.25,1
"11",2013-01-11,0.25,1
"12",2013-01-12,0.25,1
"13",2013-01-13,0,0
"14",2013-01-14,0,0
"15",2013-01-15,0,0
"16",2013-01-16,0,0
"17",2013-01-17,0,0
"18",2013-01-18,0,0
"19",2013-01-19,0,0
"20",2013-01-20,0,0
"21",2013-01-21,0,0
"22",2013-01-22,0,0
"23",2013-01-23,0,0
"24",2013-01-24,0.333333333333333,1
"25",2013-01-25,0.333333333333333,1
"26",2013-01-26,0.333333333333333,1
"27",2013-01-27,0,0
"28",2013-01-28,0,0
"29",2013-01-29,0,0
"30",2013-01-30,0,0
"31",2013-01-31,0,0
"32",2013-02-01,0,0
"33",2013-02-02,0,0
"34",2013-02-03,0,0
"35",2013-02-04,0,0
"36",2013-02-05,0,0
"37",2013-02-06,0,0
"38",2013-02-07,0,0
"39",2013-02-08,0,0
"40",2013-02-09,0,0
"41",2013-02-10,0,0
"42",2013-02-11,0,0
"43",2013-02-12,0,0
"44",2013-02-13,0,0
"45",2013-02-14,0,0
"46",2013-02-15,0,0
"47",2013-02-16,0,0
"48",2013-02-17,0,0
"49",2013-02-18,0,0
"50",2013-02-19,0,0
"51",2013-02-20,0,0
"52",2013-02-21,0,0
"53",2013-02-22,0,0
"54",2013-02-23,0,0
"55",2013-02-24,0,0
"56",2013-02-25,0,0
"57",2013-02-26,0,0
"58",2013-02-27,0,0
"59",2013-02-28,0,0
"60",2013-03-01,0,0
"61",2013-03-02,0,0
"62",2013-03-03,0,0
"63",2013-03-04,0,0
"64",2013-03-05,0,0
"65",2013-03-06,0,0
"66",2013-03-07,0,0
"67",2013-03-08,0,0
"68",2013-03-09,0,0
"69",2013-03-10,0,0
"70",2013-03-11,0,0
"71",2013-03-12,0,0
"72",2013-03-13,0,0
"73",2013-03-14,0,0
"74",2013-03-15,0,0
"75",2013-03-16,0,0
"76",2013-03-17,0,0
"77",2013-03-18,0,0
"78",2013-03-19,0,0
"79",2013-03-20,0,0
"80",2013-03-21,0.666666666666667,1
"81",2013-03-22,0.666666666666667,1
"82",2013-03-23,0.666666666666667,1
"83",2013-03-24,0,0
"84",2013-03-25,0,0
"85",2013-03-26,0,0
"86",2013-03-27,0,0
"87",2013-03-28,0,0
"88",2013-03-29,0,0
"89",2013-03-30,0,0
"90",2013-03-31,0,0
"91",2013-04-01,0.666666666666667,1
"92",2013-04-02,0.666666666666667,1
"93",2013-04-03,0.666666666666667,1
"94",2013-04-04,0,0
"95",2013-04-05,0,0
"96",2013-04-06,0,0
"97",2013-04-07,0,0
"98",2013-04-08,0,0
"99",2013-04-09,0,0
"100",2013-04-10,0,0
"101",2013-04-11,0,0
"102",2013-04-12,0,0
"103",2013-04-13,0,1
"104",2013-04-14,4,1
"105",2013-04-15,0,0
"106",2013-04-16,0,0
"107",2013-04-17,0,0
"108",2013-04-18,0,0
"109",2013-04-19,0,0
"110",2013-04-20,0,0
"111",2013-04-21,3,1
"112",2013-04-22,0,0
"113",2013-04-23,0,0
"114",2013-04-24,0,0
"115",2013-04-25,0,0
"116",2013-04-26,0,0
"117",2013-04-27,0,1
"118",2013-04-28,0,0
"119",2013-04-29,0,0
"120",2013-04-30,0,0
"121",2013-05-01,0,0
"122",2013-05-02,0,0
"123",2013-05-03,0,0
"124",2013-05-04,0,0
"125",2013-05-05,0,0
"126",2013-05-06,0,0
"127",2013-05-07,0,0
"128",2013-05-08,0,0
"129",2013-05-09,0,0
"130",2013-05-10,3,1
"131",2013-05-11,0,0
"132",2013-05-12,0,0
"133",2013-05-13,0,0
"134",2013-05-14,0,0
"135",2013-05-15,0,0
"136",2013-05-16,0,0
"137",2013-05-17,0.333333333333333,1
"138",2013-05-18,0.333333333333333,1
"139",2013-05-19,0.333333333333333,1
"140",2013-05-20,0,0
"141",2013-05-21,0,0
"142",2013-05-22,0,0
"143",2013-05-23,0,0
"144",2013-05-24,0,0
"145",2013-05-25,0,0
"146",2013-05-26,0,0
"147",2013-05-27,0,0
"148",2013-05-28,0,0
"149",2013-05-29,0,0
"150",2013-05-30,0,0
"151",2013-05-31,0,0
"152",2013-06-01,0,0
"153",2013-06-02,0,0
"154",2013-06-03,0,0
"155",2013-06-04,0,0
"156",2013-06-05,0,0
"157",2013-06-06,1,1
"158",2013-06-07,0,0
"159",2013-06-08,0,0
"160",2013-06-09,2,1
"161",2013-06-10,0,0
"162",2013-06-11,0,0
"163",2013-06-12,0,0
"164",2013-06-13,0,0
"165",2013-06-14,0,0
"166",2013-06-15,0,1
"167",2013-06-16,0,0
"168",2013-06-17,0,1
"169",2013-06-18,0,0
"170",2013-06-19,0,0
"171",2013-06-20,0,0
"172",2013-06-21,0,0
"173",2013-06-22,0,0
"174",2013-06-23,0,0
"175",2013-06-24,0,0
"176",2013-06-25,0,0
"177",2013-06-26,0,0
"178",2013-06-27,0,0
"179",2013-06-28,0,0
"180",2013-06-29,0,0
"181",2013-06-30,0,0
"182",2013-07-01,1,1
"183",2013-07-02,0,0
"184",2013-07-03,0,0
"185",2013-07-04,0,0
"186",2013-07-05,0,0
"187",2013-07-06,0,0
"188",2013-07-07,0,0
"189",2013-07-08,0,0
"190",2013-07-09,0,0
"191",2013-07-10,0,0
"192",2013-07-11,0,0
"193",2013-07-12,0,0
"194",2013-07-13,0,0
"195",2013-07-14,0,0
"196",2013-07-15,0,0
"197",2013-07-16,0,0
"198",2013-07-17,0,0
"199",2013-07-18,0,0
"200",2013-07-19,0,0
"201",2013-07-20,0,0
"202",2013-07-21,0,0
"203",2013-07-22,0,0
"204",2013-07-23,0,0
"205",2013-07-24,0,0
"206",2013-07-25,1,1
"207",2013-07-26,0,0
"208",2013-07-27,0,0
"209",2013-07-28,0,1
"210",2013-07-29,0,0
"211",2013-07-30,0,0
"212",2013-07-31,1,1
"213",2013-08-01,0,0
"214",2013-08-02,0,0
"215",2013-08-03,0,0
"216",2013-08-04,0,0
"217",2013-08-05,4,1
"218",2013-08-06,0,0
"219",2013-08-07,0,0
"220",2013-08-08,0,0
"221",2013-08-09,0,0
"222",2013-08-10,0,0
"223",2013-08-11,0,0
"224",2013-08-12,1,2
"225",2013-08-13,0,0
"226",2013-08-14,0,0
"227",2013-08-15,0,0
"228",2013-08-16,0,0
"229",2013-08-17,0,0
"230",2013-08-18,0,0
"231",2013-08-19,0,0
"232",2013-08-20,0,0
"233",2013-08-21,0,0
"234",2013-08-22,0,0
"235",2013-08-23,0,0
"236",2013-08-24,0,0
"237",2013-08-25,0,0
"238",2013-08-26,0,0
"239",2013-08-27,0,0
"240",2013-08-28,0,0
"241",2013-08-29,0,0
"242",2013-08-30,0,0
"243",2013-08-31,0,0
"244",2013-09-01,0,0
"245",2013-09-02,0,0
"246",2013-09-03,0.666666666666667,1
"247",2013-09-04,0.666666666666667,3
"248",2013-09-05,0.666666666666667,1
"249",2013-09-06,0,0
"250",2013-09-07,0,0
"251",2013-09-08,0,0
"252",2013-09-09,0,0
"253",2013-09-10,0,0
"254",2013-09-11,0,0
"255",2013-09-12,0,0
"256",2013-09-13,0,0
"257",2013-09-14,0,0
"258",2013-09-15,0,1
"259",2013-09-16,0.333333333333333,1
"260",2013-09-17,0.333333333333333,1
"261",2013-09-18,0.333333333333333,1
"262",2013-09-19,0,0
"263",2013-09-20,0,1
"264",2013-09-21,0,0
"265",2013-09-22,0,0
"266",2013-09-23,1,1
"267",2013-09-24,0,0
"268",2013-09-25,0,0
"269",2013-09-26,0,0
"270",2013-09-27,0,0
"271",2013-09-28,0,0
"272",2013-09-29,0,0
"273",2013-09-30,0,0
"274",2013-10-01,0,0
"275",2013-10-02,0,0
"276",2013-10-03,0,1
"277",2013-10-04,0,0
"278",2013-10-05,0,0
"279",2013-10-06,0,0
"280",2013-10-07,0,0
"281",2013-10-08,0,0
"282",2013-10-09,0,0
"283",2013-10-10,0,0
"284",2013-10-11,0,0
"285",2013-10-12,2,1
"286",2013-10-13,2,1
"287",2013-10-14,1,1
"288",2013-10-15,0,0
"289",2013-10-16,0,0
"290",2013-10-17,0,0
"291",2013-10-18,1,1
"292",2013-10-19,0,0
"293",2013-10-20,2,2
"294",2013-10-21,0,0
"295",2013-10-22,0,0
"296",2013-10-23,0,0
"297",2013-10-24,0,0
"298",2013-10-25,0,0
"299",2013-10-26,0,0
"300",2013-10-27,2,1
"301",2013-10-28,0,0
"302",2013-10-29,0,0
"303",2013-10-30,0,0
"304",2013-10-31,0,0
"305",2013-11-01,0,0
"306",2013-11-02,0,0
"307",2013-11-03,0,0
"308",2013-11-04,2,1
"309",2013-11-05,0,0
"310",2013-11-06,0,0
"311",2013-11-07,0,0
"312",2013-11-08,0,0
"313",2013-11-09,0,0
"314",2013-11-10,0,0
"315",2013-11-11,0,0
"316",2013-11-12,0,0
"317",2013-11-13,0,0
"318",2013-11-14,0,0
"319",2013-11-15,0,0
"320",2013-11-16,0,0
"321",2013-11-17,0,0
"322",2013-11-18,0,0
"323",2013-11-19,0,0
"324",2013-11-20,3,1
"325",2013-11-21,2,1
"326",2013-11-22,0,0
"327",2013-11-23,0.333333333333333,1
"328",2013-11-24,2.33333333333333,2
"329",2013-11-25,3.33333333333333,2
"330",2013-11-26,0,0
"331",2013-11-27,6,1
"332",2013-11-28,0,0
"333",2013-11-29,0,0
"334",2013-11-30,0,0
"335",2013-12-01,0,1
"336",2013-12-02,0,0
"337",2013-12-03,0,0
"338",2013-12-04,0,0
"339",2013-12-05,0,0
"340",2013-12-06,0,0
"341",2013-12-07,0,0
"342",2013-12-08,0,0
"343",2013-12-09,0,0
"344",2013-12-10,0,0
"345",2013-12-11,0,0
"346",2013-12-12,0,0
"347",2013-12-13,1,1
"348",2013-12-14,1,1
"349",2013-12-15,1,1
"350",2013-12-16,0,0
"351",2013-12-17,0,0
"352",2013-12-18,0,0
"353",2013-12-19,0,0
"354",2013-12-20,0,0
"355",2013-12-21,0,1
"356",2013-12-22,0,0
"357",2013-12-23,0,0
"358",2013-12-24,0,0
"359",2013-12-25,0,0
"360",2013-12-26,0,0
"361",2013-12-27,0,0
"362",2013-12-28,1,1
"363",2013-12-29,0,0
"364",2013-12-30,0,0
"365",2013-12-31,0,0
"366",2014-01-01,0,0
"367",2014-01-02,0,0
"368",2014-01-03,0,0
"369",2014-01-04,0,0
"370",2014-01-05,0,0
"371",2014-01-06,0,0
"372",2014-01-07,0,0
"373",2014-01-08,0,0
"374",2014-01-09,0,0
"375",2014-01-10,0,0
"376",2014-01-11,0,0
"377",2014-01-12,0,0
"378",2014-01-13,0,0
"379",2014-01-14,0,0
"380",2014-01-15,0,1
"381",2014-01-16,0,1
"382",2014-01-17,0,1
"383",2014-01-18,0,1
"384",2014-01-19,0,1
"385",2014-01-20,1.5,2
"386",2014-01-21,1.5,2
"387",2014-01-22,0,1
"388",2014-01-23,0,2
"389",2014-01-24,0,1
"390",2014-01-25,0,1
"391",2014-01-26,0,0
"392",2014-01-27,0,0
"393",2014-01-28,0,0
"394",2014-01-29,0,0
"395",2014-01-30,0,0
"396",2014-01-31,0,0
"397",2014-02-01,0,0
"398",2014-02-02,0,0
"399",2014-02-03,0,0
"400",2014-02-04,0,0
"401",2014-02-05,0,0
"402",2014-02-06,0,0
"403",2014-02-07,0,1
"404",2014-02-08,0,0
"405",2014-02-09,0,0
"406",2014-02-10,0,0
"407",2014-02-11,0,0
"408",2014-02-12,0,0
"409",2014-02-13,0,0
"410",2014-02-14,0,0
"411",2014-02-15,0,0
"412",2014-02-16,0,0
"413",2014-02-17,0,0
"414",2014-02-18,0,0
"415",2014-02-19,0,0
"416",2014-02-20,0,0
"417",2014-02-21,0,0
"418",2014-02-22,3,1
"419",2014-02-23,0,0
"420",2014-02-24,0,0
"421",2014-02-25,1,1
"422",2014-02-26,0,0
"423",2014-02-27,0,0
"424",2014-02-28,0,0
"425",2014-03-01,0,0
"426",2014-03-02,0,0
"427",2014-03-03,0,0
"428",2014-03-04,0,1
"429",2014-03-05,0,0
"430",2014-03-06,2,1
"431",2014-03-07,5,1
"432",2014-03-08,0,0
"433",2014-03-09,3,1
"434",2014-03-10,0,0
"435",2014-03-11,0,0
"436",2014-03-12,6,2
"437",2014-03-13,0,0
"438",2014-03-14,0,0
"439",2014-03-15,0,0
"440",2014-03-16,0,0
"441",2014-03-17,0,0
"442",2014-03-18,19,1
"443",2014-03-19,0,0
"444",2014-03-20,13,2
"445",2014-03-21,0,0
"446",2014-03-22,0,0
"447",2014-03-23,0,0
"448",2014-03-24,0,0
"449",2014-03-25,0,0
"450",2014-03-26,0,0
"451",2014-03-27,0,0
"452",2014-03-28,1,1
"453",2014-03-29,0,0
"454",2014-03-30,1,1
"455",2014-03-31,0,0
"456",2014-04-01,4.5,1
"457",2014-04-02,4.5,1
"458",2014-04-03,0,0
"459",2014-04-04,1,1
"460",2014-04-05,0,0
"461",2014-04-06,0,0
"462",2014-04-07,0,0
"463",2014-04-08,0,0
"464",2014-04-09,0,0
"465",2014-04-10,0,0
"466",2014-04-11,0,0
"467",2014-04-12,0,0
"468",2014-04-13,0,0
"469",2014-04-14,1,1
"470",2014-04-15,0,0
"471",2014-04-16,0,0
"472",2014-04-17,0,0
"473",2014-04-18,0,0
"474",2014-04-19,0,0
"475",2014-04-20,0,0
"476",2014-04-21,0,1
"477",2014-04-22,0,0
"478",2014-04-23,0,1
"479",2014-04-24,0,1
"480",2014-04-25,0,0
"481",2014-04-26,0,0
"482",2014-04-27,0,0
"483",2014-04-28,2,1
"484",2014-04-29,0,0
"485",2014-04-30,0,0
"486",2014-05-01,0,0
"487",2014-05-02,0,0
"488",2014-05-03,0,0
"489",2014-05-04,0,0
"490",2014-05-05,0,0
"491",2014-05-06,0,0
"492",2014-05-07,0,0
"493",2014-05-08,0,0
"494",2014-05-09,0,0
"495",2014-05-10,0,0
"496",2014-05-11,0,0
"497",2014-05-12,0,0
"498",2014-05-13,0,0
"499",2014-05-14,0,0
"500",2014-05-15,0,0
"501",2014-05-16,0,0
"502",2014-05-17,0,0
"503",2014-05-18,0,0
"504",2014-05-19,0,0
"505",2014-05-20,0,0
"506",2014-05-21,1,1
"507",2014-05-22,0,0
"508",2014-05-23,0,0
"509",2014-05-24,0,0
"510",2014-05-25,0,0
"511",2014-05-26,0,0
"512",2014-05-27,0,0
"513",2014-05-28,0,0
"514",2014-05-29,0,0
"515",2014-05-30,0,0
"516",2014-05-31,0,0
"517",2014-06-01,0,0
"518",2014-06-02,0,0
"519",2014-06-03,0,0
"520",2014-06-04,0,1
"521",2014-06-05,0,0
"522",2014-06-06,11,1
"523",2014-06-07,0,0
"524",2014-06-08,0,0
"525",2014-06-09,0,0
"526",2014-06-10,9,3
"527",2014-06-11,1,1
"528",2014-06-12,0,0
"529",2014-06-13,0,0
"530",2014-06-14,0,0
"531",2014-06-15,0,0
"532",2014-06-16,0,0
"533",2014-06-17,0,0
"534",2014-06-18,0,0
"535",2014-06-19,0,0
"536",2014-06-20,0,0
"537",2014-06-21,3,2
"538",2014-06-22,0,0
"539",2014-06-23,0,0
"540",2014-06-24,0,0
"541",2014-06-25,0,0
"542",2014-06-26,0,1
"543",2014-06-27,0,0
"544",2014-06-28,1,1
"545",2014-06-29,0,0
"546",2014-06-30,0,0
"547",2014-07-01,0,0
"548",2014-07-02,0,0
"549",2014-07-03,0,1
"550",2014-07-04,0,1
"551",2014-07-05,0,0
"552",2014-07-06,0,0
"553",2014-07-07,0,0
"554",2014-07-08,0,0
"555",2014-07-09,0,0
"556",2014-07-10,7,2
"557",2014-07-11,0,0
"558",2014-07-12,0,0
"559",2014-07-13,0,1
"560",2014-07-14,0,0
"561",2014-07-15,0,0
"562",2014-07-16,0,0
"563",2014-07-17,0,0
"564",2014-07-18,0,0
"565",2014-07-19,0,0
"566",2014-07-20,0,0
"567",2014-07-21,0,0
"568",2014-07-22,0,0
"569",2014-07-23,0,0
"570",2014-07-24,0,2
"571",2014-07-25,0,0
"572",2014-07-26,0,0
"573",2014-07-27,0,0
"574",2014-07-28,0,0
"575",2014-07-29,0,0
"576",2014-07-30,1,1
"577",2014-07-31,0,0
"578",2014-08-01,0,1
"579",2014-08-02,0,0
"580",2014-08-03,0,0
"581",2014-08-04,0,2
"582",2014-08-05,0,0
"583",2014-08-06,0,0
"584",2014-08-07,0,0
"585",2014-08-08,0,0
"586",2014-08-09,0,1
"587",2014-08-10,2,2
"588",2014-08-11,1,2
"589",2014-08-12,0,0
"590",2014-08-13,0,0
"591",2014-08-14,0,0
"592",2014-08-15,5,1
"593",2014-08-16,0,0
"594",2014-08-17,0,0
"595",2014-08-18,0,0
"596",2014-08-19,0,0
"597",2014-08-20,0,1
"598",2014-08-21,0,1
"599",2014-08-22,0,0
"600",2014-08-23,0,0
"601",2014-08-24,0,0
"602",2014-08-25,0,0
"603",2014-08-26,4,2
"604",2014-08-27,5,1
"605",2014-08-28,0,0
"606",2014-08-29,0,0
"607",2014-08-30,0,0
"608",2014-08-31,0,0
"609",2014-09-01,0.25,2
"610",2014-09-02,0.25,1
"611",2014-09-03,0.25,1
"612",2014-09-04,0.25,1
"613",2014-09-05,0,0
"614",2014-09-06,0,1
"615",2014-09-07,0,0
"616",2014-09-08,0,0
"617",2014-09-09,0,0
"618",2014-09-10,0,0
"619",2014-09-11,0,0
"620",2014-09-12,0,0
"621",2014-09-13,0,0
"622",2014-09-14,0,0
"623",2014-09-15,0,0
"624",2014-09-16,0,0
"625",2014-09-17,0,0
"626",2014-09-18,0,0
"627",2014-09-19,0,0
"628",2014-09-20,2,1
"629",2014-09-21,0,0
"630",2014-09-22,1,1
"631",2014-09-23,0,0
"632",2014-09-24,0,0
"633",2014-09-25,0,0
"634",2014-09-26,0,0
"635",2014-09-27,0,0
"636",2014-09-28,0,0
"637",2014-09-29,0,0
"638",2014-09-30,0,1
"639",2014-10-01,0,0
"640",2014-10-02,0,0
"641",2014-10-03,0,0
"642",2014-10-04,0,0
"643",2014-10-05,0,0
"644",2014-10-06,0,0
"645",2014-10-07,0,0
"646",2014-10-08,0,0
"647",2014-10-09,0,0
"648",2014-10-10,0,0
"649",2014-10-11,0,0
"650",2014-10-12,0,0
"651",2014-10-13,0,0
"652",2014-10-14,0,0
"653",2014-10-15,0,0
"654",2014-10-16,2,1
"655",2014-10-17,2,1
"656",2014-10-18,0,0
"657",2014-10-19,0,0
"658",2014-10-20,0,0
"659",2014-10-21,0,0
"660",2014-10-22,0,1
"661",2014-10-23,0,0
"662",2014-10-24,5,1
"663",2014-10-25,0,0
"664",2014-10-26,0,0
"665",2014-10-27,0,0
"666",2014-10-28,0,0
"667",2014-10-29,0,0
"668",2014-10-30,0,0
"669",2014-10-31,0,0
"670",2014-11-01,0,0
"671",2014-11-02,0,0
"672",2014-11-03,3,1
"673",2014-11-04,0,0
"674",2014-11-05,2,1
"675",2014-11-06,0,0
"676",2014-11-07,0,0
"677",2014-11-08,0,0
"678",2014-11-09,0,0
"679",2014-11-10,0,0
"680",2014-11-11,3,3
"681",2014-11-12,0,0
"682",2014-11-13,2,2
"683",2014-11-14,2,1
"684",2014-11-15,0,0
"685",2014-11-16,0,0
"686",2014-11-17,0,1
"687",2014-11-18,0,1
"688",2014-11-19,0,1
"689",2014-11-20,0,1
"690",2014-11-21,0,1
"691",2014-11-22,0,1
"692",2014-11-23,61,2
"693",2014-11-24,0.5,1
"694",2014-11-25,0.5,2
"695",2014-11-26,0,0
"696",2014-11-27,0,0
"697",2014-11-28,1.25,2
"698",2014-11-29,4.25,2
"699",2014-11-30,0.25,1
"700",2014-12-01,0.25,1
"701",2014-12-02,0,0
"702",2014-12-03,0,0
"703",2014-12-04,0,0
"704",2014-12-05,0,0
"705",2014-12-06,4,1
"706",2014-12-07,0,0
"707",2014-12-08,0,0
"708",2014-12-09,1,1
"709",2014-12-10,0,0
"710",2014-12-11,2,1
"711",2014-12-12,0,0
"712",2014-12-13,12,2
"713",2014-12-14,0,0
"714",2014-12-15,0,0
"715",2014-12-16,0,0
"716",2014-12-17,2,1
"717",2014-12-18,0,0
"718",2014-12-19,0,0
"719",2014-12-20,0,0
"720",2014-12-21,0,0
"721",2014-12-22,0,0
"722",2014-12-23,1,1
"723",2014-12-24,2,2
"724",2014-12-25,0,0
"725",2014-12-26,0,0
"726",2014-12-27,0,0
"727",2014-12-28,4,1
"728",2014-12-29,0,0
"729",2014-12-30,0,0
"730",2014-12-31,0,0
"731",2015-01-01,0,1
"732",2015-01-02,0,1
"733",2015-01-03,0,1
"734",2015-01-04,0,1
"735",2015-01-05,0,1
"736",2015-01-06,0,1
"737",2015-01-07,0,1
"738",2015-01-08,0,1
"739",2015-01-09,1,2
"740",2015-01-10,2,3
"741",2015-01-11,0,1
"742",2015-01-12,0,2
"743",2015-01-13,0,1
"744",2015-01-14,0,1
"745",2015-01-15,0,2
"746",2015-01-16,0,2
"747",2015-01-17,0,1
"748",2015-01-18,0,1
"749",2015-01-19,0,1
"750",2015-01-20,0,1
"751",2015-01-21,0,1
"752",2015-01-22,0,1
"753",2015-01-23,0,1
"754",2015-01-24,0,1
"755",2015-01-25,0,1
"756",2015-01-26,0,1
"757",2015-01-27,0,1
"758",2015-01-28,0,1
"759",2015-01-29,2,4
"760",2015-01-30,0,2
"761",2015-01-31,0,2
"762",2015-02-01,0,1
"763",2015-02-02,0,1
"764",2015-02-03,0,1
"765",2015-02-04,0,2
"766",2015-02-05,0.5,2
"767",2015-02-06,0.5,2
"768",2015-02-07,0.5,2
"769",2015-02-08,3.5,4
"770",2015-02-09,0,1
"771",2015-02-10,0,1
"772",2015-02-11,0,1
"773",2015-02-12,2,3
"774",2015-02-13,1,2
"775",2015-02-14,0,1
"776",2015-02-15,0,0
"777",2015-02-16,0,0
"778",2015-02-17,0,0
"779",2015-02-18,0,0
"780",2015-02-19,1,1
"781",2015-02-20,0,0
"782",2015-02-21,0,0
"783",2015-02-22,0,0
"784",2015-02-23,0,0
"785",2015-02-24,0,0
"786",2015-02-25,0,0
"787",2015-02-26,0,0
"788",2015-02-27,0,0
"789",2015-02-28,0,0
"790",2015-03-01,0,0
"791",2015-03-02,0,0
"792",2015-03-03,0,0
"793",2015-03-04,0,0
"794",2015-03-05,0,0
"795",2015-03-06,0,0
"796",2015-03-07,0,1
"797",2015-03-08,0,0
"798",2015-03-09,1,2
"799",2015-03-10,1,1
"800",2015-03-11,1,1
"801",2015-03-12,0,0
"802",2015-03-13,0,0
"803",2015-03-14,3,3
"804",2015-03-15,0,0
"805",2015-03-16,0,0
"806",2015-03-17,0,0
"807",2015-03-18,0,0
"808",2015-03-19,0,0
"809",2015-03-20,0,0
"810",2015-03-21,5,1
"811",2015-03-22,2,1
"812",2015-03-23,4,1
"813",2015-03-24,0,1
"814",2015-03-25,0,0
"815",2015-03-26,0,0
"816",2015-03-27,1,1
"817",2015-03-28,0,0
"818",2015-03-29,1,1
"819",2015-03-30,0,0
"820",2015-03-31,2,1
"821",2015-04-01,0,1
"822",2015-04-02,0,0
"823",2015-04-03,0,0
"824",2015-04-04,0,0
"825",2015-04-05,0,0
"826",2015-04-06,3,2
"827",2015-04-07,0,1
"828",2015-04-08,0,0
"829",2015-04-09,0,2
"830",2015-04-10,6,3
"831",2015-04-11,0,0
"832",2015-04-12,0,0
"833",2015-04-13,0,0
"834",2015-04-14,0,0
"835",2015-04-15,0,0
"836",2015-04-16,0,0
"837",2015-04-17,4,1
"838",2015-04-18,0,0
"839",2015-04-19,0,0
"840",2015-04-20,0,0
"841",2015-04-21,0,0
"842",2015-04-22,0,0
"843",2015-04-23,0,0
"844",2015-04-24,0,1
"845",2015-04-25,0,0
"846",2015-04-26,0,0
"847",2015-04-27,0,0
"848",2015-04-28,0,0
"849",2015-04-29,1,2
"850",2015-04-30,3,4
"851",2015-05-01,1,2
"852",2015-05-02,1,1
"853",2015-05-03,4,1
"854",2015-05-04,0,0
"855",2015-05-05,0,0
"856",2015-05-06,0.666666666666667,1
"857",2015-05-07,0.666666666666667,1
"858",2015-05-08,4.66666666666667,2
"859",2015-05-09,0,0
"860",2015-05-10,0,0
"861",2015-05-11,0,0
"862",2015-05-12,1,1
"863",2015-05-13,14,1
"864",2015-05-14,0,0
"865",2015-05-15,0,0
"866",2015-05-16,0,0
"867",2015-05-17,0,0
"868",2015-05-18,0,0
"869",2015-05-19,0,0
"870",2015-05-20,0,0
"871",2015-05-21,0,0
"872",2015-05-22,0,0
"873",2015-05-23,0,0
"874",2015-05-24,0,1
"875",2015-05-25,0,1
"876",2015-05-26,0,0
"877",2015-05-27,0,0
"878",2015-05-28,0,0
"879",2015-05-29,0,0
"880",2015-05-30,0,0
"881",2015-05-31,0,0
"882",2015-06-01,0,0
"883",2015-06-02,10,2
"884",2015-06-03,1,1
"885",2015-06-04,1,1
"886",2015-06-05,0,0
"887",2015-06-06,0,0
"888",2015-06-07,0,0
"889",2015-06-08,0,0
"890",2015-06-09,0,0
"891",2015-06-10,0,0
"892",2015-06-11,0,0
"893",2015-06-12,0,0
"894",2015-06-13,0,0
"895",2015-06-14,0,0
"896",2015-06-15,0,0
"897",2015-06-16,0,0
"898",2015-06-17,0,0
"899",2015-06-18,0,0
"900",2015-06-19,0,0
"901",2015-06-20,0,0
"902",2015-06-21,0,0
"903",2015-06-22,0,1
"904",2015-06-23,0,0
"905",2015-06-24,0,0
"906",2015-06-25,0,0
"907",2015-06-26,0,0
"908",2015-06-27,0,0
"909",2015-06-28,0,0
"910",2015-06-29,0,0
"911",2015-06-30,0,1
"912",2015-07-01,1,1
"913",2015-07-02,1,1
"914",2015-07-03,0,0
"915",2015-07-04,0,0
"916",2015-07-05,0,0
"917",2015-07-06,0,0
"918",2015-07-07,0,0
"919",2015-07-08,0,0
"920",2015-07-09,0,0
"921",2015-07-10,0,0
"922",2015-07-11,4,2
"923",2015-07-12,1,1
"924",2015-07-13,3,1
"925",2015-07-14,0,0
"926",2015-07-15,0,1
"927",2015-07-16,0,0
"928",2015-07-17,0,0
"929",2015-07-18,0,0
"930",2015-07-19,0,0
"931",2015-07-20,0,0
"932",2015-07-21,0,0
"933",2015-07-22,0,0
"934",2015-07-23,0,1
"935",2015-07-24,0,1
"936",2015-07-25,0,1
"937",2015-07-26,0,1
"938",2015-07-27,0,1
"939",2015-07-28,0,1
"940",2015-07-29,2,1
"941",2015-07-30,0,0
"942",2015-07-31,0,0
"943",2015-08-01,0,0
"944",2015-08-02,0,0
"945",2015-08-03,0,0
"946",2015-08-04,0,0
"947",2015-08-05,1,1
"948",2015-08-06,0,1
"949",2015-08-07,0,0
"950",2015-08-08,3,1
"951",2015-08-09,4,1
"952",2015-08-10,0,0
"953",2015-08-11,1,1
"954",2015-08-12,0,0
"955",2015-08-13,0,1
"956",2015-08-14,0,0
"957",2015-08-15,0,0
"958",2015-08-16,0,0
"959",2015-08-17,0,0
"960",2015-08-18,0,0
"961",2015-08-19,0,0
"962",2015-08-20,0,0
"963",2015-08-21,0,0
"964",2015-08-22,0,0
"965",2015-08-23,0,0
"966",2015-08-24,0,0
"967",2015-08-25,0,0
"968",2015-08-26,0,0
"969",2015-08-27,0,0
"970",2015-08-28,0,0
"971",2015-08-29,0,0
"972",2015-08-30,0,0
"973",2015-08-31,0,0
"974",2015-09-01,0,0
"975",2015-09-02,0,0
"976",2015-09-03,0,0
"977",2015-09-04,0,0
"978",2015-09-05,2,2
"979",2015-09-06,0,0
"980",2015-09-07,0,0
"981",2015-09-08,0,0
"982",2015-09-09,1,1
"983",2015-09-10,0,0
"984",2015-09-11,0,1
"985",2015-09-12,0,0
"986",2015-09-13,0,0
"987",2015-09-14,0,0
"988",2015-09-15,0,0
"989",2015-09-16,0,0
"990",2015-09-17,0,0
"991",2015-09-18,2,1
"992",2015-09-19,0,0
"993",2015-09-20,0,0
"994",2015-09-21,0,0
"995",2015-09-22,1,2
"996",2015-09-23,0,0
"997",2015-09-24,0,0
"998",2015-09-25,0,0
"999",2015-09-26,0,0
"1000",2015-09-27,21.6666666666667,2
"1001",2015-09-28,5.33333333333333,2
"1002",2015-09-29,5.33333333333333,2
"1003",2015-09-30,0.666666666666667,1
"1004",2015-10-01,0,0
"1005",2015-10-02,4,1
"1006",2015-10-03,0,0
"1007",2015-10-04,0,0
"1008",2015-10-05,0,0
"1009",2015-10-06,0,0
"1010",2015-10-07,0,0
"1011",2015-10-08,2,1
"1012",2015-10-09,0,0
"1013",2015-10-10,0,0
"1014",2015-10-11,0,0
"1015",2015-10-12,0,1
"1016",2015-10-13,0,0
"1017",2015-10-14,0,0
"1018",2015-10-15,0,0
"1019",2015-10-16,0,0
"1020",2015-10-17,0,0
"1021",2015-10-18,0,0
"1022",2015-10-19,1,1
"1023",2015-10-20,0,0
"1024",2015-10-21,0,0
"1025",2015-10-22,0,0
"1026",2015-10-23,0,0
"1027",2015-10-24,0,0
"1028",2015-10-25,0,0
"1029",2015-10-26,0.333333333333333,1
"1030",2015-10-27,0.333333333333333,1
"1031",2015-10-28,0.333333333333333,1
"1032",2015-10-29,0,0
"1033",2015-10-30,0,0
"1034",2015-10-31,0,0
"1035",2015-11-01,0,0
"1036",2015-11-02,0,0
"1037",2015-11-03,0,0
"1038",2015-11-04,0,0
"1039",2015-11-05,0,0
"1040",2015-11-06,1,1
"1041",2015-11-07,11,4
"1042",2015-11-08,0,0
"1043",2015-11-09,0,0
"1044",2015-11-10,2,1
"1045",2015-11-11,0,0
"1046",2015-11-12,0,0
"1047",2015-11-13,0,0
"1048",2015-11-14,0,0
"1049",2015-11-15,2,1
"1050",2015-11-16,0,0
"1051",2015-11-17,0,0
"1052",2015-11-18,0,1
"1053",2015-11-19,0,0
"1054",2015-11-20,0,0
"1055",2015-11-21,0,0
"1056",2015-11-22,0,1
"1057",2015-11-23,0,0
"1058",2015-11-24,0,0
"1059",2015-11-25,0,0
"1060",2015-11-26,0,1
"1061",2015-11-27,0,1
"1062",2015-11-28,1,2
"1063",2015-11-29,0,0
"1064",2015-11-30,0,0
"1065",2015-12-01,0,0
"1066",2015-12-02,0,0
"1067",2015-12-03,0,0
"1068",2015-12-04,0,0
"1069",2015-12-05,0,0
"1070",2015-12-06,0,0
"1071",2015-12-07,0,0
"1072",2015-12-08,0,0
"1073",2015-12-09,0,0
"1074",2015-12-10,0,0
"1075",2015-12-11,2,2
"1076",2015-12-12,0,0
"1077",2015-12-13,0,0
"1078",2015-12-14,0,0
"1079",2015-12-15,0,0
"1080",2015-12-16,0,0
"1081",2015-12-17,0,0
"1082",2015-12-18,0,0
"1083",2015-12-19,2,1
"1084",2015-12-20,0,0
"1085",2015-12-21,0,0
"1086",2015-12-22,0,0
"1087",2015-12-23,0,0
"1088",2015-12-24,0,0
"1089",2015-12-25,0,0
"1090",2015-12-26,0,0
"1091",2015-12-27,0,0
"1092",2015-12-28,0,1
"1093",2015-12-29,0,0
"1094",2015-12-30,0,0
"1095",2015-12-31,0,1
"1096",2016-01-01,3,2
"1097",2016-01-02,1.33333333333333,2
"1098",2016-01-03,0.333333333333333,1
"1099",2016-01-04,1.33333333333333,2
"1100",2016-01-05,1,1
"1101",2016-01-06,0,0
"1102",2016-01-07,0,0
"1103",2016-01-08,0,0
"1104",2016-01-09,0,0
"1105",2016-01-10,0,0
"1106",2016-01-11,0,0
"1107",2016-01-12,0,0
"1108",2016-01-13,0,0
"1109",2016-01-14,0,0
"1110",2016-01-15,0,0
"1111",2016-01-16,0,0
"1112",2016-01-17,0,0
"1113",2016-01-18,0,0
"1114",2016-01-19,1,1
"1115",2016-01-20,7,1
"1116",2016-01-21,0,0
"1117",2016-01-22,1,1
"1118",2016-01-23,0,0
"1119",2016-01-24,0,0
"1120",2016-01-25,0,0
"1121",2016-01-26,0,0
"1122",2016-01-27,4,1
"1123",2016-01-28,0,2
"1124",2016-01-29,0,1
"1125",2016-01-30,0,2
"1126",2016-01-31,0,1
"1127",2016-02-01,0,1
"1128",2016-02-02,0,1
"1129",2016-02-03,0,1
"1130",2016-02-04,0,1
"1131",2016-02-05,0,1
"1132",2016-02-06,0,2
"1133",2016-02-07,0,1
"1134",2016-02-08,0,1
"1135",2016-02-09,0,1
"1136",2016-02-10,0,1
"1137",2016-02-11,0,1
"1138",2016-02-12,0,1
"1139",2016-02-13,0,1
"1140",2016-02-14,1,3
"1141",2016-02-15,0,1
"1142",2016-02-16,0,1
"1143",2016-02-17,0,2
"1144",2016-02-18,0,1
"1145",2016-02-19,0,1
"1146",2016-02-20,0,0
"1147",2016-02-21,0,0
"1148",2016-02-22,0,0
"1149",2016-02-23,1,1
"1150",2016-02-24,0,0
"1151",2016-02-25,2,1
"1152",2016-02-26,0,1
"1153",2016-02-27,0,0
"1154",2016-02-28,3,1
"1155",2016-02-29,0,0
"1156",2016-03-01,0.032258064516129,1
"1157",2016-03-02,0.032258064516129,1
"1158",2016-03-03,0.032258064516129,2
"1159",2016-03-04,0.032258064516129,1
"1160",2016-03-05,0.032258064516129,1
"1161",2016-03-06,0.032258064516129,1
"1162",2016-03-07,2.03225806451613,3
"1163",2016-03-08,0.032258064516129,2
"1164",2016-03-09,0.032258064516129,1
"1165",2016-03-10,0.032258064516129,1
"1166",2016-03-11,3.03225806451613,3
"1167",2016-03-12,0.032258064516129,2
"1168",2016-03-13,1.03225806451613,2
"1169",2016-03-14,0.032258064516129,1
"1170",2016-03-15,0.032258064516129,1
"1171",2016-03-16,0.032258064516129,1
"1172",2016-03-17,0.032258064516129,1
"1173",2016-03-18,0.032258064516129,1
"1174",2016-03-19,0.032258064516129,1
"1175",2016-03-20,0.032258064516129,1
"1176",2016-03-21,0.032258064516129,1
"1177",2016-03-22,0.032258064516129,1
"1178",2016-03-23,0.032258064516129,1
"1179",2016-03-24,0.032258064516129,1
"1180",2016-03-25,0.032258064516129,1
"1181",2016-03-26,0.032258064516129,2
"1182",2016-03-27,0.032258064516129,1
"1183",2016-03-28,2.53225806451613,3
"1184",2016-03-29,2.53225806451613,3
"1185",2016-03-30,1.03225806451613,3
"1186",2016-03-31,0.032258064516129,2
"1187",2016-04-01,0,0
"1188",2016-04-02,0,0
"1189",2016-04-03,2,1
"1190",2016-04-04,0,0
"1191",2016-04-05,0,0
"1192",2016-04-06,0,0
"1193",2016-04-07,0,0
"1194",2016-04-08,0,0
"1195",2016-04-09,0,0
"1196",2016-04-10,0,0
"1197",2016-04-11,0,0
"1198",2016-04-12,0,0
"1199",2016-04-13,0,0
"1200",2016-04-14,0,0
"1201",2016-04-15,0,0
"1202",2016-04-16,2,1
"1203",2016-04-17,0,0
"1204",2016-04-18,0,0
"1205",2016-04-19,0,0
"1206",2016-04-20,0,0
"1207",2016-04-21,0,0
"1208",2016-04-22,0,0
"1209",2016-04-23,0,0
"1210",2016-04-24,0,0
"1211",2016-04-25,0,0
"1212",2016-04-26,0,0
"1213",2016-04-27,1,1
"1214",2016-04-28,0,0
"1215",2016-04-29,0,0
"1216",2016-04-30,1,1
"1217",2016-05-01,0,0
"1218",2016-05-02,0,0
"1219",2016-05-03,0,0
"1220",2016-05-04,0,0
"1221",2016-05-05,0,0
"1222",2016-05-06,0,0
"1223",2016-05-07,0,0
"1224",2016-05-08,0,0
"1225",2016-05-09,1,1
"1226",2016-05-10,1,2
"1227",2016-05-11,0,0
"1228",2016-05-12,0,0
"1229",2016-05-13,0,0
"1230",2016-05-14,0,0
"1231",2016-05-15,0,0
"1232",2016-05-16,4,1
"1233",2016-05-17,0,0
"1234",2016-05-18,1,1
"1235",2016-05-19,13,2
"1236",2016-05-20,2,1
"1237",2016-05-21,1,1
"1238",2016-05-22,0,0
"1239",2016-05-23,0,0
"1240",2016-05-24,0,0
"1241",2016-05-25,1,1
"1242",2016-05-26,0,0
"1243",2016-05-27,0,0
"1244",2016-05-28,0,0
"1245",2016-05-29,0,0
"1246",2016-05-30,0.5,1
"1247",2016-05-31,0.5,1
"1248",2016-06-01,3,1
"1249",2016-06-02,0,0
"1250",2016-06-03,1,1
"1251",2016-06-04,0,0
"1252",2016-06-05,0,1
"1253",2016-06-06,0,0
"1254",2016-06-07,0,0
"1255",2016-06-08,0,0
"1256",2016-06-09,0,0
"1257",2016-06-10,0,1
"1258",2016-06-11,0,0
"1259",2016-06-12,1,1
"1260",2016-06-13,3,1
"1261",2016-06-14,0,0
"1262",2016-06-15,0,0
"1263",2016-06-16,0,0
"1264",2016-06-17,0,0
"1265",2016-06-18,0,0
"1266",2016-06-19,0,0
"1267",2016-06-20,12,1
"1268",2016-06-21,0,0
"1269",2016-06-22,0,0
"1270",2016-06-23,2,1
"1271",2016-06-24,3,2
"1272",2016-06-25,0,0
"1273",2016-06-26,1.66666666666667,1
"1274",2016-06-27,1.66666666666667,1
"1275",2016-06-28,1.66666666666667,1
"1276",2016-06-29,0,0
"1277",2016-06-30,0,0
"1278",2016-07-01,0,0
"1279",2016-07-02,0,0
"1280",2016-07-03,0,0
"1281",2016-07-04,0,0
"1282",2016-07-05,0,0
"1283",2016-07-06,1,1
"1284",2016-07-07,0,0
"1285",2016-07-08,0,0
"1286",2016-07-09,0,0
"1287",2016-07-10,0,0
"1288",2016-07-11,0,0
"1289",2016-07-12,0,0
"1290",2016-07-13,4,1
"1291",2016-07-14,0,0
"1292",2016-07-15,2,1
"1293",2016-07-16,0,0
"1294",2016-07-17,0,0
"1295",2016-07-18,0,0
"1296",2016-07-19,0,0
"1297",2016-07-20,0,0
"1298",2016-07-21,0,0
"1299",2016-07-22,0,0
"1300",2016-07-23,85,1
"1301",2016-07-24,0,0
"1302",2016-07-25,0,0
"1303",2016-07-26,0,0
"1304",2016-07-27,0,0
"1305",2016-07-28,0,0
"1306",2016-07-29,0,0
"1307",2016-07-30,0,0
"1308",2016-07-31,0,0
"1309",2016-08-01,1,1
"1310",2016-08-02,0,0
"1311",2016-08-03,0,0
"1312",2016-08-04,0,0
"1313",2016-08-05,0,0
"1314",2016-08-06,0,0
"1315",2016-08-07,0,0
"1316",2016-08-08,0,0
"1317",2016-08-09,1,1
"1318",2016-08-10,0,0
"1319",2016-08-11,0,0
"1320",2016-08-12,0,0
"1321",2016-08-13,0,0
"1322",2016-08-14,1.47619047619048,2
"1323",2016-08-15,1.47619047619048,2
"1324",2016-08-16,1.47619047619048,2
"1325",2016-08-17,0.142857142857143,1
"1326",2016-08-18,0.142857142857143,2
"1327",2016-08-19,0.142857142857143,2
"1328",2016-08-20,0.142857142857143,2
"1329",2016-08-21,0,0
"1330",2016-08-22,0,0
"1331",2016-08-23,0,0
"1332",2016-08-24,0,1
"1333",2016-08-25,0,0
"1334",2016-08-26,0,0
"1335",2016-08-27,0,0
"1336",2016-08-28,2,1
"1337",2016-08-29,0,0
"1338",2016-08-30,0,0
"1339",2016-08-31,0,0
"1340",2016-09-01,0,0
"1341",2016-09-02,0,0
"1342",2016-09-03,0,0
"1343",2016-09-04,0,0
"1344",2016-09-05,0,0
"1345",2016-09-06,0,0
"1346",2016-09-07,0,0
"1347",2016-09-08,1,2
"1348",2016-09-09,0,0
"1349",2016-09-10,0,2
"1350",2016-09-11,1,2
"1351",2016-09-12,0,0
"1352",2016-09-13,0,0
"1353",2016-09-14,5,1
"1354",2016-09-15,0,0
"1355",2016-09-16,0,0
"1356",2016-09-17,0,0
"1357",2016-09-18,0,0
"1358",2016-09-19,0,0
"1359",2016-09-20,0,0
"1360",2016-09-21,0,0
"1361",2016-09-22,0,0
"1362",2016-09-23,0,0
"1363",2016-09-24,0,0
"1364",2016-09-25,0,0
"1365",2016-09-26,0,0
"1366",2016-09-27,0,0
"1367",2016-09-28,0,0
"1368",2016-09-29,0,0
"1369",2016-09-30,0,0
"1370",2016-10-01,0.333333333333333,1
"1371",2016-10-02,0.333333333333333,1
"1372",2016-10-03,0.333333333333333,2
"1373",2016-10-04,0,0
"1374",2016-10-05,0,0
"1375",2016-10-06,0,0
"1376",2016-10-07,0,0
"1377",2016-10-08,0,0
"1378",2016-10-09,0,0
"1379",2016-10-10,0,0
"1380",2016-10-11,9,1
"1381",2016-10-12,23,2
"1382",2016-10-13,0,0
"1383",2016-10-14,0,0
"1384",2016-10-15,0,0
"1385",2016-10-16,0,1
"1386",2016-10-17,0,0
"1387",2016-10-18,0,0
"1388",2016-10-19,0,0
"1389",2016-10-20,0,0
"1390",2016-10-21,0,0
"1391",2016-10-22,0,0
"1392",2016-10-23,1.25,2
"1393",2016-10-24,1.25,2
"1394",2016-10-25,26.25,2
"1395",2016-10-26,0.25,1
"1396",2016-10-27,0,0
"1397",2016-10-28,0,0
"1398",2016-10-29,0,0
"1399",2016-10-30,0,0
"1400",2016-10-31,6,1
"1401",2016-11-01,0,0
"1402",2016-11-02,0,0
"1403",2016-11-03,0.333333333333333,1
"1404",2016-11-04,0.333333333333333,1
"1405",2016-11-05,0.333333333333333,1
"1406",2016-11-06,0,0
"1407",2016-11-07,0,0
"1408",2016-11-08,0,0
"1409",2016-11-09,0,0
"1410",2016-11-10,0,1
"1411",2016-11-11,0,0
"1412",2016-11-12,0,0
"1413",2016-11-13,0,0
"1414",2016-11-14,0,0
"1415",2016-11-15,0,1
"1416",2016-11-16,0,0
"1417",2016-11-17,0,0
"1418",2016-11-18,1,1
"1419",2016-11-19,0,0
"1420",2016-11-20,0,0
"1421",2016-11-21,27,1
"1422",2016-11-22,0,0
"1423",2016-11-23,0,0
"1424",2016-11-24,0,0
"1425",2016-11-25,0,0
"1426",2016-11-26,0,0
"1427",2016-11-27,0,0
"1428",2016-11-28,0,0
"1429",2016-11-29,0,0
"1430",2016-11-30,7.66666666666667,1
"1431",2016-12-01,8,2
"1432",2016-12-02,8,2
"1433",2016-12-03,0.333333333333333,1
"1434",2016-12-04,0,0
"1435",2016-12-05,0,0
"1436",2016-12-06,0,0
"1437",2016-12-07,0,1
"1438",2016-12-08,0,0
"1439",2016-12-09,4,1
"1440",2016-12-10,0,0
"1441",2016-12-11,0,0
"1442",2016-12-12,1,1
"1443",2016-12-13,0,0
"1444",2016-12-14,0,0
"1445",2016-12-15,1,1
"1446",2016-12-16,0,0
"1447",2016-12-17,6,1
"1448",2016-12-18,0,1
"1449",2016-12-19,0,0
"1450",2016-12-20,0,0
"1451",2016-12-21,0,0
"1452",2016-12-22,0.333333333333333,1
"1453",2016-12-23,0.333333333333333,1
"1454",2016-12-24,0.333333333333333,1
"1455",2016-12-25,3,2
"1456",2016-12-26,0,0
"1457",2016-12-27,0,0
"1458",2016-12-28,0,0
"1459",2016-12-29,0.333333333333333,1
"1460",2016-12-30,1.33333333333333,2
"1461",2016-12-31,0.333333333333333,1
"1462",2017-01-01,0,3
"1463",2017-01-02,0,1
"1464",2017-01-03,0,1
"1465",2017-01-04,0,1
"1466",2017-01-05,0,2
"1467",2017-01-06,8,2
"1468",2017-01-07,0,1
"1469",2017-01-08,0,1
"1470",2017-01-09,1,1
"1471",2017-01-10,0,0
"1472",2017-01-11,0,0
"1473",2017-01-12,0,0
"1474",2017-01-13,0,0
"1475",2017-01-14,0,0
"1476",2017-01-15,3,1
"1477",2017-01-16,0,0
"1478",2017-01-17,0,0
"1479",2017-01-18,0,0
"1480",2017-01-19,0,1
"1481",2017-01-20,0,0
"1482",2017-01-21,0,0
"1483",2017-01-22,0,0
"1484",2017-01-23,0,0
"1485",2017-01-24,0,0
"1486",2017-01-25,0,0
"1487",2017-01-26,0,0
"1488",2017-01-27,0,0
"1489",2017-01-28,0,1
"1490",2017-01-29,0,0
"1491",2017-01-30,0,0
"1492",2017-01-31,1,1
"1493",2017-02-01,2,2
"1494",2017-02-02,0,0
"1495",2017-02-03,0,0
"1496",2017-02-04,0,0
"1497",2017-02-05,0,0
"1498",2017-02-06,0,0
"1499",2017-02-07,0,0
"1500",2017-02-08,6,1
"1501",2017-02-09,0,0
"1502",2017-02-10,0,0
"1503",2017-02-11,0,0
"1504",2017-02-12,0,0
"1505",2017-02-13,0,0
"1506",2017-02-14,0,0
"1507",2017-02-15,0,0
"1508",2017-02-16,0,0
"1509",2017-02-17,1,1
"1510",2017-02-18,0,0
"1511",2017-02-19,0,0
"1512",2017-02-20,1,2
"1513",2017-02-21,0,0
"1514",2017-02-22,5,2
"1515",2017-02-23,0,0
"1516",2017-02-24,0,0
"1517",2017-02-25,0,0
"1518",2017-02-26,0,0
"1519",2017-02-27,0,0
"1520",2017-02-28,0,0
"1521",2017-03-01,0,0
"1522",2017-03-02,0,0
"1523",2017-03-03,2,1
"1524",2017-03-04,0,0
"1525",2017-03-05,0,0
"1526",2017-03-06,1,1
"1527",2017-03-07,1,1
"1528",2017-03-08,0,0
"1529",2017-03-09,0,0
"1530",2017-03-10,4,2
"1531",2017-03-11,0,0
"1532",2017-03-12,0,0
"1533",2017-03-13,1,1
"1534",2017-03-14,0,0
"1535",2017-03-15,3,1
"1536",2017-03-16,0,0
"1537",2017-03-17,0,0
"1538",2017-03-18,0,0
"1539",2017-03-19,0,0
"1540",2017-03-20,0,0
"1541",2017-03-21,0,0
"1542",2017-03-22,0,0
"1543",2017-03-23,0,0
"1544",2017-03-24,1.5,1
"1545",2017-03-25,1.5,1
"1546",2017-03-26,0,0
"1547",2017-03-27,0,0
"1548",2017-03-28,0,0
"1549",2017-03-29,0,0
"1550",2017-03-30,0,0
"1551",2017-03-31,0,0
"1552",2017-04-01,0,0
"1553",2017-04-02,0,0
"1554",2017-04-03,0,0
"1555",2017-04-04,0,0
"1556",2017-04-05,0,0
"1557",2017-04-06,0,0
"1558",2017-04-07,2,1
"1559",2017-04-08,0,0
"1560",2017-04-09,0,0
"1561",2017-04-10,0,0
"1562",2017-04-11,0,0
"1563",2017-04-12,0,0
"1564",2017-04-13,0,0
"1565",2017-04-14,0,0
"1566",2017-04-15,0,0
"1567",2017-04-16,2,1
"1568",2017-04-17,0,0
"1569",2017-04-18,0,0
"1570",2017-04-19,0,0
"1571",2017-04-20,0,0
"1572",2017-04-21,0,0
"1573",2017-04-22,0,0
"1574",2017-04-23,0,0
"1575",2017-04-24,0,0
"1576",2017-04-25,0,0
"1577",2017-04-26,0,0
"1578",2017-04-27,0,0
"1579",2017-04-28,0,0
"1580",2017-04-29,0,0
"1581",2017-04-30,0,0
"1582",2017-05-01,0,0
"1583",2017-05-02,0,0
"1584",2017-05-03,0,0
"1585",2017-05-04,0,0
"1586",2017-05-05,0,0
"1587",2017-05-06,0,0
"1588",2017-05-07,0,0
"1589",2017-05-08,0,0
"1590",2017-05-09,1,1
"1591",2017-05-10,0,0
"1592",2017-05-11,0,1
"1593",2017-05-12,0,1
"1594",2017-05-13,0,0
"1595",2017-05-14,0,0
"1596",2017-05-15,0,0
"1597",2017-05-16,0,0
"1598",2017-05-17,4,1
"1599",2017-05-18,0,0
"1600",2017-05-19,0,0
"1601",2017-05-20,0,1
"1602",2017-05-21,0,0
"1603",2017-05-22,0,0
"1604",2017-05-23,0,0
"1605",2017-05-24,0,0
"1606",2017-05-25,0,0
"1607",2017-05-26,0,0
"1608",2017-05-27,0,0
"1609",2017-05-28,0,0
"1610",2017-05-29,0,0
"1611",2017-05-30,0,0
"1612",2017-05-31,0,0
"1613",2017-06-01,0,0
"1614",2017-06-02,0,0
"1615",2017-06-03,0,0
"1616",2017-06-04,0,0
"1617",2017-06-05,0,0
"1618",2017-06-06,0,1
"1619",2017-06-07,0,0
"1620",2017-06-08,0,0
"1621",2017-06-09,3,1
"1622",2017-06-10,2,1
"1623",2017-06-11,0,0
"1624",2017-06-12,0,0
"1625",2017-06-13,0,0
"1626",2017-06-14,0,0
"1627",2017-06-15,0,0
"1628",2017-06-16,0,0
"1629",2017-06-17,0,0
"1630",2017-06-18,0,1
"1631",2017-06-19,0,0
"1632",2017-06-20,1,1
"1633",2017-06-21,0,1
"1634",2017-06-22,0,0
"1635",2017-06-23,0,0
"1636",2017-06-24,0,1
"1637",2017-06-25,2,1
"1638",2017-06-26,0,1
"1639",2017-06-27,0,0
"1640",2017-06-28,0,0
"1641",2017-06-29,0,0
"1642",2017-06-30,1,1
"1643",2017-07-01,0,1
"1644",2017-07-02,0,1
"1645",2017-07-03,0,1
"1646",2017-07-04,0,1
"1647",2017-07-05,0,0
"1648",2017-07-06,0,0
"1649",2017-07-07,0,0
"1650",2017-07-08,0,0
"1651",2017-07-09,1,1
"1652",2017-07-10,0,0
"1653",2017-07-11,10,2
"1654",2017-07-12,0,1
"1655",2017-07-13,0,0
"1656",2017-07-14,0,1
"1657",2017-07-15,0,0
"1658",2017-07-16,0,0
"1659",2017-07-17,0,0
"1660",2017-07-18,0,0
"1661",2017-07-19,2,1
"1662",2017-07-20,0,1
"1663",2017-07-21,0,0
"1664",2017-07-22,0,0
"1665",2017-07-23,0,0
"1666",2017-07-24,1,1
"1667",2017-07-25,0,0
"1668",2017-07-26,0,0
"1669",2017-07-27,0,0
"1670",2017-07-28,1,1
"1671",2017-07-29,1,1
"1672",2017-07-30,0,0
"1673",2017-07-31,0,0
"1674",2017-08-01,33,1
"1675",2017-08-02,0,0
"1676",2017-08-03,0,0
"1677",2017-08-04,20.5,1
"1678",2017-08-05,20.5,1
"1679",2017-08-06,0,0
"1680",2017-08-07,0,0
"1681",2017-08-08,0,0
"1682",2017-08-09,0,0
"1683",2017-08-10,0,0
"1684",2017-08-11,0,0
"1685",2017-08-12,0,0
"1686",2017-08-13,0,0
"1687",2017-08-14,0,1
"1688",2017-08-15,0,0
"1689",2017-08-16,0,0
"1690",2017-08-17,0,0
"1691",2017-08-18,0,0
"1692",2017-08-19,0,0
"1693",2017-08-20,1.08333333333333,2
"1694",2017-08-21,3.08333333333333,3
"1695",2017-08-22,0.0833333333333333,1
"1696",2017-08-23,0.0833333333333333,1
"1697",2017-08-24,0.0833333333333333,1
"1698",2017-08-25,0.0833333333333333,1
"1699",2017-08-26,0.0833333333333333,1
"1700",2017-08-27,0.0833333333333333,1
"1701",2017-08-28,0.0833333333333333,1
"1702",2017-08-29,0.0833333333333333,1
"1703",2017-08-30,0.0833333333333333,1
"1704",2017-08-31,0.0833333333333333,1
"1705",2017-09-01,0,0
"1706",2017-09-02,0,0
"1707",2017-09-03,0,0
"1708",2017-09-04,0,0
"1709",2017-09-05,0,0
"1710",2017-09-06,1,1
"1711",2017-09-07,1,1
"1712",2017-09-08,0,0
"1713",2017-09-09,3,1
"1714",2017-09-10,0,0
"1715",2017-09-11,1,1
"1716",2017-09-12,0.666666666666667,2
"1717",2017-09-13,0.666666666666667,1
"1718",2017-09-14,0.666666666666667,1
"1719",2017-09-15,0,0
"1720",2017-09-16,1,1
"1721",2017-09-17,2,3
"1722",2017-09-18,1.5,3
"1723",2017-09-19,2.5,3
"1724",2017-09-20,1,2
"1725",2017-09-21,0,0
"1726",2017-09-22,0,0
"1727",2017-09-23,0,0
"1728",2017-09-24,0,0
"1729",2017-09-25,0,0
"1730",2017-09-26,0,0
"1731",2017-09-27,0,0
"1732",2017-09-28,0,0
"1733",2017-09-29,5,1
"1734",2017-09-30,0,0
"1735",2017-10-01,0,0
"1736",2017-10-02,0,0
"1737",2017-10-03,0,0
"1738",2017-10-04,0,0
"1739",2017-10-05,1.66666666666667,2
"1740",2017-10-06,0.666666666666667,1
"1741",2017-10-07,0.666666666666667,1
"1742",2017-10-08,0,0
"1743",2017-10-09,0,0
"1744",2017-10-10,0,0
"1745",2017-10-11,0,0
"1746",2017-10-12,0,0
"1747",2017-10-13,0,0
"1748",2017-10-14,0,0
"1749",2017-10-15,0,0
"1750",2017-10-16,0,0
"1751",2017-10-17,1,2
"1752",2017-10-18,0,0
"1753",2017-10-19,0,0
"1754",2017-10-20,65,1
"1755",2017-10-21,0,0
"1756",2017-10-22,0,1
"1757",2017-10-23,0,0
"1758",2017-10-24,0,0
"1759",2017-10-25,0,0
"1760",2017-10-26,0,0
"1761",2017-10-27,0,0
"1762",2017-10-28,0,0
"1763",2017-10-29,0,0
"1764",2017-10-30,0,0
"1765",2017-10-31,0,0
"1766",2017-11-01,15,1
"1767",2017-11-02,0,0
"1768",2017-11-03,0,0
"1769",2017-11-04,0,0
"1770",2017-11-05,0,0
"1771",2017-11-06,0,0
"1772",2017-11-07,0,0
"1773",2017-11-08,0,0
"1774",2017-11-09,3,1
"1775",2017-11-10,0,0
"1776",2017-11-11,0,0
"1777",2017-11-12,0,0
"1778",2017-11-13,0,0
"1779",2017-11-14,0,0
"1780",2017-11-15,0,0
"1781",2017-11-16,0,0
"1782",2017-11-17,0,0
"1783",2017-11-18,0,0
"1784",2017-11-19,0,0
"1785",2017-11-20,0,0
"1786",2017-11-21,0,0
"1787",2017-11-22,0,0
"1788",2017-11-23,0,0
"1789",2017-11-24,0,0
"1790",2017-11-25,0,0
"1791",2017-11-26,0,0
"1792",2017-11-27,1,1
"1793",2017-11-28,0,0
"1794",2017-11-29,0,0
"1795",2017-11-30,0,0
"1796",2017-12-01,0,0
"1797",2017-12-02,0,0
"1798",2017-12-03,0,1
"1799",2017-12-04,0,0
"1800",2017-12-05,0,0
"1801",2017-12-06,0,0
"1802",2017-12-07,0,0
"1803",2017-12-08,0,1
"1804",2017-12-09,0,0
"1805",2017-12-10,2,1
"1806",2017-12-11,0,0
"1807",2017-12-12,0,0
"1808",2017-12-13,0,0
"1809",2017-12-14,0,0
"1810",2017-12-15,0,0
"1811",2017-12-16,0,0
"1812",2017-12-17,1,1
"1813",2017-12-18,1,1
"1814",2017-12-19,1,1
"1815",2017-12-20,0,0
"1816",2017-12-21,0,0
"1817",2017-12-22,4,1
"1818",2017-12-23,0,0
"1819",2017-12-24,0,0
"1820",2017-12-25,0,0
"1821",2017-12-26,0,0
"1822",2017-12-27,1,1
"1823",2017-12-28,42,1
"1824",2017-12-29,2,1
"1825",2017-12-30,0,0
"1826",2017-12-31,24,2
