"","date","state_casualties","state_active_events"
"1",2013-01-01,13.8940397350993,6
"2",2013-01-02,17.8940397350993,6
"3",2013-01-03,12.8940397350993,6
"4",2013-01-04,1.89403973509934,2
"5",2013-01-05,9.39403973509934,9
"6",2013-01-06,18.3940397350993,12
"7",2013-01-07,9.39403973509934,9
"8",2013-01-08,16.3940397350993,13
"9",2013-01-09,3.39403973509934,4
"10",2013-01-10,14.3940397350993,7
"11",2013-01-11,3.22737306843267,6
"12",2013-01-12,12.2273730684327,5
"13",2013-01-13,2.89403973509934,4
"14",2013-01-14,12.060706401766,7
"15",2013-01-15,10.060706401766,7
"16",2013-01-16,17.8940397350993,7
"17",2013-01-17,1.89403973509934,2
"18",2013-01-18,1.89403973509934,2
"19",2013-01-19,26.8940397350993,9
"20",2013-01-20,4.89403973509934,4
"21",2013-01-21,24.8940397350993,5
"22",2013-01-22,4.89403973509934,4
"23",2013-01-23,7.560706401766,7
"24",2013-01-24,4.89403973509934,6
"25",2013-01-25,8.89403973509934,6
"26",2013-01-26,32.2273730684327,9
"27",2013-01-27,23.8940397350993,6
"28",2013-01-28,1.89403973509934,2
"29",2013-01-29,6.22737306843267,6
"30",2013-01-30,19.8940397350993,10
"31",2013-01-31,15.8940397350993,8
"32",2013-02-01,4.560706401766,3
"33",2013-02-02,8.89403973509934,5
"34",2013-02-03,5.89403973509934,6
"35",2013-02-04,3.89403973509934,3
"36",2013-02-05,3.89403973509934,3
"37",2013-02-06,1.89403973509934,2
"38",2013-02-07,7.89403973509934,6
"39",2013-02-08,8.89403973509934,5
"40",2013-02-09,1.89403973509934,2
"41",2013-02-10,30.3940397350993,14
"42",2013-02-11,16.7273730684327,10
"43",2013-02-12,17.2273730684327,12
"44",2013-02-13,40.7273730684327,20
"45",2013-02-14,13.3940397350993,10
"46",2013-02-15,3.89403973509934,3
"47",2013-02-16,6.89403973509934,9
"48",2013-02-17,21.8940397350993,17
"49",2013-02-18,26.8940397350993,12
"50",2013-02-19,21.8940397350993,13
"51",2013-02-20,38.3940397350993,16
"52",2013-02-21,18.3940397350993,8
"53",2013-02-22,8.89403973509934,6
"54",2013-02-23,6.89403973509934,4
"55",2013-02-24,29.3940397350993,19
"56",2013-02-25,32.3940397350993,25
"57",2013-02-26,24.3940397350993,13
"58",2013-02-27,11.3940397350993,4
"59",2013-02-28,18.8940397350993,7
"60",2013-03-01,6.89403973509934,9
"61",2013-03-02,11.3940397350993,12
"62",2013-03-03,7.39403973509934,7
"63",2013-03-04,33.8940397350993,8
"64",2013-03-05,6.89403973509934,7
"65",2013-03-06,1.89403973509934,4
"66",2013-03-07,6.89403973509934,7
"67",2013-03-08,5.89403973509934,7
"68",2013-03-09,31.8940397350993,10
"69",2013-03-10,6.89403973509934,7
"70",2013-03-11,12.8940397350993,7
"71",2013-03-12,10.8940397350993,9
"72",2013-03-13,21.560706401766,10
"73",2013-03-14,13.560706401766,9
"74",2013-03-15,4.560706401766,6
"75",2013-03-16,4.89403973509934,6
"76",2013-03-17,25.8940397350993,18
"77",2013-03-18,15.8940397350993,15
"78",2013-03-19,8.89403973509934,7
"79",2013-03-20,4.89403973509934,6
"80",2013-03-21,31.3940397350993,7
"81",2013-03-22,55.3940397350993,16
"82",2013-03-23,25.3940397350993,16
"83",2013-03-24,10.060706401766,8
"84",2013-03-25,38.560706401766,9
"85",2013-03-26,72.560706401766,20
"86",2013-03-27,19.8940397350993,15
"87",2013-03-28,5.89403973509934,6
"88",2013-03-29,6.89403973509934,5
"89",2013-03-30,12.8940397350993,5
"90",2013-03-31,13.8940397350993,6
"91",2013-04-01,2.89403973509934,6
"92",2013-04-02,5.89403973509934,6
"93",2013-04-03,65.3940397350993,11
"94",2013-04-04,3.39403973509934,8
"95",2013-04-05,3.89403973509934,8
"96",2013-04-06,35.8940397350993,9
"97",2013-04-07,8.89403973509934,6
"98",2013-04-08,12.8940397350993,8
"99",2013-04-09,10.8940397350993,7
"100",2013-04-10,10.8940397350993,8
"101",2013-04-11,2.89403973509934,6
"102",2013-04-12,14.8940397350993,6
"103",2013-04-13,8.89403973509934,8
"104",2013-04-14,7.22737306843267,7
"105",2013-04-15,41.2273730684327,13
"106",2013-04-16,17.7273730684327,11
"107",2013-04-17,19.3940397350993,11
"108",2013-04-18,5.89403973509934,6
"109",2013-04-19,33.8940397350993,11
"110",2013-04-20,18.8940397350993,10
"111",2013-04-21,13.8940397350993,9
"112",2013-04-22,19.5190397350993,10
"113",2013-04-23,49.0190397350993,13
"114",2013-04-24,21.0190397350993,10
"115",2013-04-25,20.0190397350993,10
"116",2013-04-26,18.0190397350993,9
"117",2013-04-27,16.8523730684327,11
"118",2013-04-28,21.3523730684327,11
"119",2013-04-29,13.3523730684327,7
"120",2013-04-30,13.8940397350993,8
"121",2013-05-01,56.8940397350993,20
"122",2013-05-02,37.8940397350993,14
"123",2013-05-03,6.89403973509934,6
"124",2013-05-04,26.8940397350993,11
"125",2013-05-05,40.560706401766,11
"126",2013-05-06,7.560706401766,7
"127",2013-05-07,20.560706401766,9
"128",2013-05-08,40.8940397350993,11
"129",2013-05-09,3.89403973509934,6
"130",2013-05-10,19.3940397350993,7
"131",2013-05-11,15.8940397350993,8
"132",2013-05-12,13.3940397350993,11
"133",2013-05-13,36.3940397350993,18
"134",2013-05-14,27.3940397350993,18
"135",2013-05-15,6.89403973509934,8
"136",2013-05-16,25.8940397350993,12
"137",2013-05-17,17.560706401766,12
"138",2013-05-18,13.560706401766,8
"139",2013-05-19,33.060706401766,18
"140",2013-05-20,31.3940397350993,19
"141",2013-05-21,82.060706401766,30
"142",2013-05-22,41.1413515630563,19
"143",2013-05-23,25.6413515630563,11
"144",2013-05-24,42.4746848963897,11
"145",2013-05-25,33.9746848963897,10
"146",2013-05-26,35.9746848963897,12
"147",2013-05-27,70.9746848963897,19
"148",2013-05-28,52.9746848963897,23
"149",2013-05-29,72.808018229723,27
"150",2013-05-30,47.808018229723,21
"151",2013-05-31,47.308018229723,15
"152",2013-06-01,83.5806451612903,25
"153",2013-06-02,39.0806451612903,11
"154",2013-06-03,89.5806451612903,13
"155",2013-06-04,41.0806451612903,17
"156",2013-06-05,19.4139784946237,11
"157",2013-06-06,45.9139784946237,19
"158",2013-06-07,44.3806451612903,19
"159",2013-06-08,18.047311827957,9
"160",2013-06-09,15.047311827957,7
"161",2013-06-10,40.547311827957,16
"162",2013-06-11,67.547311827957,23
"163",2013-06-12,51.047311827957,23
"164",2013-06-13,20.047311827957,8
"165",2013-06-14,19.047311827957,8
"166",2013-06-15,26.047311827957,10
"167",2013-06-16,22.047311827957,12
"168",2013-06-17,26.547311827957,15
"169",2013-06-18,36.047311827957,16
"170",2013-06-19,37.047311827957,14
"171",2013-06-20,18.547311827957,8
"172",2013-06-21,44.7139784946237,16
"173",2013-06-22,24.6666666666667,13
"174",2013-06-23,61.6666666666667,11
"175",2013-06-24,13,8
"176",2013-06-25,32,9
"177",2013-06-26,14.5,6
"178",2013-06-27,20,6
"179",2013-06-28,21.1666666666667,8
"180",2013-06-29,27.1666666666667,10
"181",2013-06-30,23.6666666666667,20
"182",2013-07-01,22.5,17
"183",2013-07-02,28,7
"184",2013-07-03,17,7
"185",2013-07-04,33,9
"186",2013-07-05,32.3333333333333,9
"187",2013-07-06,44.3333333333333,14
"188",2013-07-07,57.3333333333333,15
"189",2013-07-08,21,14
"190",2013-07-09,38.75,15
"191",2013-07-10,4.75,5
"192",2013-07-11,17.75,9
"193",2013-07-12,40.75,16
"194",2013-07-13,14,19
"195",2013-07-14,17,15
"196",2013-07-15,28.5,10
"197",2013-07-16,18,16
"198",2013-07-17,47.5,20
"199",2013-07-18,21,11
"200",2013-07-19,14,10
"201",2013-07-20,31,12
"202",2013-07-21,24.7142857142857,12
"203",2013-07-22,23.2142857142857,12
"204",2013-07-23,50.2142857142857,19
"205",2013-07-24,33.7142857142857,13
"206",2013-07-25,53.3333333333333,17
"207",2013-07-26,101,20
"208",2013-07-27,37,16
"209",2013-07-28,105.952380952381,13
"210",2013-07-29,26.7857142857143,17
"211",2013-07-30,22.7857142857143,19
"212",2013-07-31,120.785714285714,13
"213",2013-08-01,22.5,9
"214",2013-08-02,6.5,4
"215",2013-08-03,6.5,4
"216",2013-08-04,8.5,6
"217",2013-08-05,15,8
"218",2013-08-06,18,14
"219",2013-08-07,21.8333333333333,15
"220",2013-08-08,28.8333333333333,8
"221",2013-08-09,10.1666666666667,8
"222",2013-08-10,7.33333333333333,6
"223",2013-08-11,12.3333333333333,8
"224",2013-08-12,18,9
"225",2013-08-13,11,9
"226",2013-08-14,2,4
"227",2013-08-15,32,8
"228",2013-08-16,40,12
"229",2013-08-17,79,22
"230",2013-08-18,45,13
"231",2013-08-19,12.5,11
"232",2013-08-20,64,25
"233",2013-08-21,26.5,15
"234",2013-08-22,9,8
"235",2013-08-23,10.5,10
"236",2013-08-24,12,13
"237",2013-08-25,7.5,7
"238",2013-08-26,35.5,17
"239",2013-08-27,53.5,24
"240",2013-08-28,77,17
"241",2013-08-29,39,14
"242",2013-08-30,60.3333333333333,18
"243",2013-08-31,32.8333333333333,21
"244",2013-09-01,40.8333333333333,27
"245",2013-09-02,34,28
"246",2013-09-03,12.5,15
"247",2013-09-04,15.5,6
"248",2013-09-05,11,5
"249",2013-09-06,26.5,11
"250",2013-09-07,42.8333333333333,10
"251",2013-09-08,34.3333333333333,9
"252",2013-09-09,35.3333333333333,10
"253",2013-09-10,16,6
"254",2013-09-11,0,1
"255",2013-09-12,9,2
"256",2013-09-13,36.5,9
"257",2013-09-14,46.5,10
"258",2013-09-15,44.6666666666667,9
"259",2013-09-16,22.6666666666667,6
"260",2013-09-17,42.6666666666667,17
"261",2013-09-18,51,14
"262",2013-09-19,7.5,4
"263",2013-09-20,11.5,4
"264",2013-09-21,25,6
"265",2013-09-22,38,11
"266",2013-09-23,42.5,18
"267",2013-09-24,30,20
"268",2013-09-25,24.5,15
"269",2013-09-26,11,6
"270",2013-09-27,4,3
"271",2013-09-28,12.875,8
"272",2013-09-29,32.375,12
"273",2013-09-30,25.375,13
"274",2013-10-01,5.06944444444444,7
"275",2013-10-02,7.06944444444444,5
"276",2013-10-03,11.0694444444444,9
"277",2013-10-04,27.0694444444444,11
"278",2013-10-05,21.0694444444444,17
"279",2013-10-06,9.19444444444444,11
"280",2013-10-07,17.6944444444444,13
"281",2013-10-08,13.6944444444444,11
"282",2013-10-09,5.19444444444444,3
"283",2013-10-10,20.1944444444444,10
"284",2013-10-11,21.6944444444444,12
"285",2013-10-12,33.1944444444444,11
"286",2013-10-13,39.6944444444444,15
"287",2013-10-14,22.7944444444444,11
"288",2013-10-15,6.79444444444444,6
"289",2013-10-16,4.79444444444444,4
"290",2013-10-17,11.4611111111111,7
"291",2013-10-18,28.4611111111111,13
"292",2013-10-19,18.5277777777778,10
"293",2013-10-20,26.8611111111111,14
"294",2013-10-21,14.1944444444444,11
"295",2013-10-22,36.0277777777778,17
"296",2013-10-23,31.6944444444444,16
"297",2013-10-24,19.8611111111111,11
"298",2013-10-25,14.8611111111111,8
"299",2013-10-26,10.1944444444444,5
"300",2013-10-27,19.1944444444444,3
"301",2013-10-28,7.19444444444444,9
"302",2013-10-29,11.1944444444444,10
"303",2013-10-30,6.19444444444444,3
"304",2013-10-31,9.19444444444444,5
"305",2013-11-01,13.1944444444444,4
"306",2013-11-02,26.1944444444444,7
"307",2013-11-03,12.6944444444444,9
"308",2013-11-04,27.6944444444444,19
"309",2013-11-05,19.6944444444444,16
"310",2013-11-06,4.5,4
"311",2013-11-07,2,2
"312",2013-11-08,11,3
"313",2013-11-09,26.5,17
"314",2013-11-10,16.6428571428571,13
"315",2013-11-11,15.1428571428571,10
"316",2013-11-12,26.1428571428571,12
"317",2013-11-13,10.1428571428571,6
"318",2013-11-14,12.1428571428571,5
"319",2013-11-15,7.64285714285714,10
"320",2013-11-16,21.6428571428571,10
"321",2013-11-17,9.33333333333333,11
"322",2013-11-18,27.3333333333333,18
"323",2013-11-19,14.3333333333333,8
"324",2013-11-20,16,7
"325",2013-11-21,11,9
"326",2013-11-22,17.3333333333333,9
"327",2013-11-23,4.33333333333333,2
"328",2013-11-24,4.33333333333333,3
"329",2013-11-25,29.3333333333333,8
"330",2013-11-26,19.3333333333333,4
"331",2013-11-27,8.13333333333333,5
"332",2013-11-28,16.8,7
"333",2013-11-29,17.8,10
"334",2013-11-30,16.3,9
"335",2013-12-01,3.8,4
"336",2013-12-02,12.5,3
"337",2013-12-03,35.5,12
"338",2013-12-04,14.5,6
"339",2013-12-05,20,7
"340",2013-12-06,6,2
"341",2013-12-07,7.5,8
"342",2013-12-08,4.5,7
"343",2013-12-09,9,2
"344",2013-12-10,0,0
"345",2013-12-11,17.5,5
"346",2013-12-12,13.7,4
"347",2013-12-13,7.7,6
"348",2013-12-14,24.7,11
"349",2013-12-15,22.2,11
"350",2013-12-16,17.2,6
"351",2013-12-17,17,8
"352",2013-12-18,8,6
"353",2013-12-19,0,0
"354",2013-12-20,4,1
"355",2013-12-21,0,1
"356",2013-12-22,6,4
"357",2013-12-23,5.5,7
"358",2013-12-24,18.3333333333333,15
"359",2013-12-25,18.8333333333333,11
"360",2013-12-26,6.33333333333333,3
"361",2013-12-27,15.3333333333333,8
"362",2013-12-28,7.33333333333333,6
"363",2013-12-29,6.33333333333333,7
"364",2013-12-30,11,10
"365",2013-12-31,6,4
"366",2014-01-01,8.14563106796117,3
"367",2014-01-02,9.14563106796117,2
"368",2014-01-03,13.6456310679612,5
"369",2014-01-04,28.6456310679612,8
"370",2014-01-05,28.6456310679612,14
"371",2014-01-06,35.6456310679612,19
"372",2014-01-07,22.1456310679612,14
"373",2014-01-08,9.14563106796117,4
"374",2014-01-09,10.1456310679612,2
"375",2014-01-10,9.64563106796117,3
"376",2014-01-11,13.1456310679612,5
"377",2014-01-12,11.6456310679612,4
"378",2014-01-13,14.6456310679612,7
"379",2014-01-14,23.1456310679612,14
"380",2014-01-15,40.6456310679612,11
"381",2014-01-16,31.1456310679612,7
"382",2014-01-17,33.1456310679612,4
"383",2014-01-18,13.1456310679612,5
"384",2014-01-19,14.1456310679612,7
"385",2014-01-20,32.1456310679612,7
"386",2014-01-21,22.1456310679612,7
"387",2014-01-22,13.1456310679612,3
"388",2014-01-23,14.1456310679612,3
"389",2014-01-24,9.14563106796117,3
"390",2014-01-25,7.14563106796117,2
"391",2014-01-26,32.6456310679612,10
"392",2014-01-27,24.6456310679612,10
"393",2014-01-28,19.6456310679612,10
"394",2014-01-29,45.6456310679612,11
"395",2014-01-30,22.1456310679612,6
"396",2014-01-31,12.1456310679612,3
"397",2014-02-01,19.1456310679612,5
"398",2014-02-02,9.64563106796117,3
"399",2014-02-03,7.64563106796117,2
"400",2014-02-04,6.14563106796117,1
"401",2014-02-05,7.14563106796117,2
"402",2014-02-06,7.81229773462783,3
"403",2014-02-07,7.81229773462783,3
"404",2014-02-08,9.81229773462783,5
"405",2014-02-09,30.6456310679612,16
"406",2014-02-10,24.6456310679612,16
"407",2014-02-11,30.1456310679612,7
"408",2014-02-12,10.1456310679612,4
"409",2014-02-13,10.1456310679612,3
"410",2014-02-14,9.14563106796117,2
"411",2014-02-15,16.6456310679612,4
"412",2014-02-16,31.1456310679612,14
"413",2014-02-17,26.1456310679612,13
"414",2014-02-18,27.0456310679612,11
"415",2014-02-19,15.5456310679612,7
"416",2014-02-20,19.5456310679612,11
"417",2014-02-21,18.5456310679612,8
"418",2014-02-22,18.5456310679612,10
"419",2014-02-23,35.1456310679612,4
"420",2014-02-24,52.6456310679612,17
"421",2014-02-25,92.1456310679612,29
"422",2014-02-26,48.6456310679612,14
"423",2014-02-27,26.1456310679612,7
"424",2014-02-28,14.1456310679612,4
"425",2014-03-01,24.1456310679612,9
"426",2014-03-02,13.1456310679612,6
"427",2014-03-03,15.6456310679612,6
"428",2014-03-04,22.1456310679612,9
"429",2014-03-05,10.6456310679612,5
"430",2014-03-06,18.4789644012945,4
"431",2014-03-07,18.8122977346278,5
"432",2014-03-08,23.8122977346278,7
"433",2014-03-09,9.4789644012945,5
"434",2014-03-10,16.6456310679612,5
"435",2014-03-11,13.1456310679612,6
"436",2014-03-12,15.6456310679612,7
"437",2014-03-13,19.6456310679612,7
"438",2014-03-14,7.64563106796117,3
"439",2014-03-15,8.14563106796117,2
"440",2014-03-16,11.1456310679612,8
"441",2014-03-17,14.1456310679612,10
"442",2014-03-18,11.1456310679612,6
"443",2014-03-19,10.1456310679612,3
"444",2014-03-20,39.1456310679612,5
"445",2014-03-21,13.8931477090262,7
"446",2014-03-22,17.3931477090262,7
"447",2014-03-23,31.3931477090262,13
"448",2014-03-24,33.2264810423595,12
"449",2014-03-25,44.2264810423595,17
"450",2014-03-26,25.2264810423595,14
"451",2014-03-27,14.5598143756929,5
"452",2014-03-28,15.5598143756929,5
"453",2014-03-29,29.5598143756929,8
"454",2014-03-30,44.5598143756929,23
"455",2014-03-31,71.0598143756929,28
"456",2014-04-01,29.5598143756929,13
"457",2014-04-02,27.0598143756929,12
"458",2014-04-03,23.5598143756929,6
"459",2014-04-04,72.5598143756929,21
"460",2014-04-05,72.5598143756929,21
"461",2014-04-06,37.0598143756929,10
"462",2014-04-07,51.5598143756929,12
"463",2014-04-08,16.0598143756929,5
"464",2014-04-09,20.5598143756929,6
"465",2014-04-10,14.5598143756929,5
"466",2014-04-11,17.8931477090262,8
"467",2014-04-12,20.8931477090262,11
"468",2014-04-13,31.8931477090262,16
"469",2014-04-14,24.5598143756929,12
"470",2014-04-15,41.5598143756929,10
"471",2014-04-16,21.5598143756929,7
"472",2014-04-17,22.5598143756929,7
"473",2014-04-18,15.5598143756929,6
"474",2014-04-19,26.0598143756929,13
"475",2014-04-20,19.0598143756929,10
"476",2014-04-21,10.5598143756929,3
"477",2014-04-22,45.0598143756929,11
"478",2014-04-23,30.0598143756929,8
"479",2014-04-24,18.5598143756929,5
"480",2014-04-25,10.5598143756929,4
"481",2014-04-26,17.0598143756929,6
"482",2014-04-27,18.7264810423595,5
"483",2014-04-28,34.2264810423595,17
"484",2014-04-29,35.2264810423595,14
"485",2014-04-30,26.0598143756929,7
"486",2014-05-01,36.3931477090262,10
"487",2014-05-02,15.3931477090262,11
"488",2014-05-03,24.3931477090262,16
"489",2014-05-04,37.0598143756929,16
"490",2014-05-05,50.0598143756929,17
"491",2014-05-06,33.5598143756929,11
"492",2014-05-07,31.5598143756929,7
"493",2014-05-08,14.5598143756929,4
"494",2014-05-09,49.3931477090262,8
"495",2014-05-10,55.8931477090262,9
"496",2014-05-11,26.3931477090262,10
"497",2014-05-12,66.0598143756929,17
"498",2014-05-13,26.0598143756929,14
"499",2014-05-14,36.5598143756929,13
"500",2014-05-15,35.5598143756929,21
"501",2014-05-16,57.5598143756929,30
"502",2014-05-17,39.5598143756929,16
"503",2014-05-18,24.0598143756929,11
"504",2014-05-19,30.0598143756929,11
"505",2014-05-20,54.5598143756929,15
"506",2014-05-21,49.5598143756929,12
"507",2014-05-22,10.5598143756929,4
"508",2014-05-23,34.2264810423595,13
"509",2014-05-24,75.2264810423595,28
"510",2014-05-25,58.2264810423595,22
"511",2014-05-26,46.0598143756929,14
"512",2014-05-27,33.0598143756929,5
"513",2014-05-28,16.5598143756929,7
"514",2014-05-29,25.5598143756929,9
"515",2014-05-30,22.3931477090262,18
"516",2014-05-31,37.3931477090262,19
"517",2014-06-01,16.8931477090262,9
"518",2014-06-02,40.5598143756929,13
"519",2014-06-03,47.0598143756929,18
"520",2014-06-04,44.0598143756929,13
"521",2014-06-05,16.5598143756929,6
"522",2014-06-06,11.5598143756929,4
"523",2014-06-07,50.0598143756929,10
"524",2014-06-08,86.0598143756929,16
"525",2014-06-09,44.8931477090262,15
"526",2014-06-10,26.3931477090262,11
"527",2014-06-11,39.3931477090262,17
"528",2014-06-12,52.0598143756929,19
"529",2014-06-13,34.0598143756929,12
"530",2014-06-14,131.059814375693,10
"531",2014-06-15,51.0598143756929,9
"532",2014-06-16,49.0598143756929,8
"533",2014-06-17,13.0598143756929,7
"534",2014-06-18,13.5598143756929,5
"535",2014-06-19,16.8098143756929,7
"536",2014-06-20,24.3098143756929,11
"537",2014-06-21,65.5598143756929,16
"538",2014-06-22,49.0598143756929,12
"539",2014-06-23,60.3812429471214,14
"540",2014-06-24,63.3812429471214,14
"541",2014-06-25,90.6312429471214,18
"542",2014-06-26,58.6312429471214,9
"543",2014-06-27,31.1312429471214,10
"544",2014-06-28,61.1312429471214,11
"545",2014-06-29,22.7979096137881,8
"546",2014-06-30,38.7264810423595,15
"547",2014-07-01,29.7264810423595,12
"548",2014-07-02,22.5598143756929,6
"549",2014-07-03,48.2264810423595,19
"550",2014-07-04,37.2264810423595,22
"551",2014-07-05,23.8931477090262,19
"552",2014-07-06,29.2264810423595,10
"553",2014-07-07,32.2264810423595,14
"554",2014-07-08,44.0598143756929,16
"555",2014-07-09,85.0598143756929,23
"556",2014-07-10,47.8931477090262,19
"557",2014-07-11,60.0598143756929,18
"558",2014-07-12,106.559814375693,27
"559",2014-07-13,52.7264810423595,11
"560",2014-07-14,35.5598143756929,6
"561",2014-07-15,83.0598143756929,15
"562",2014-07-16,43.0598143756929,17
"563",2014-07-17,30.8931477090262,18
"564",2014-07-18,26.8931477090262,15
"565",2014-07-19,37.8931477090262,17
"566",2014-07-20,45.0598143756929,14
"567",2014-07-21,52.0598143756929,15
"568",2014-07-22,18.5598143756929,6
"569",2014-07-23,18.5598143756929,9
"570",2014-07-24,31.2264810423595,16
"571",2014-07-25,17.2264810423595,9
"572",2014-07-26,47.2264810423595,19
"573",2014-07-27,22.5598143756929,5
"574",2014-07-28,10.5598143756929,4
"575",2014-07-29,27.0598143756929,8
"576",2014-07-30,24.8931477090262,12
"577",2014-07-31,33.8931477090262,10
"578",2014-08-01,27.8931477090262,8
"579",2014-08-02,13.0598143756929,5
"580",2014-08-03,62.0598143756929,18
"581",2014-08-04,86.5598143756929,25
"582",2014-08-05,38.0598143756929,16
"583",2014-08-06,33.4169572328357,13
"584",2014-08-07,47.0836238995024,24
"585",2014-08-08,60.1836238995024,26
"586",2014-08-09,102.516957232836,28
"587",2014-08-10,115.412790566169,33
"588",2014-08-11,73.4127905661691,29
"589",2014-08-12,55.5794572328357,13
"590",2014-08-13,60.1223143756929,10
"591",2014-08-14,48.6223143756929,16
"592",2014-08-15,49.6223143756929,14
"593",2014-08-16,13.6223143756929,5
"594",2014-08-17,24.6223143756929,8
"595",2014-08-18,21.2889810423595,11
"596",2014-08-19,15.7889810423595,9
"597",2014-08-20,35.7889810423595,13
"598",2014-08-21,43.9556477090262,16
"599",2014-08-22,26.9556477090262,16
"600",2014-08-23,76.2056477090262,23
"601",2014-08-24,71.8723143756929,20
"602",2014-08-25,42.8723143756929,19
"603",2014-08-26,52.3723143756929,18
"604",2014-08-27,46.6223143756929,8
"605",2014-08-28,35.1223143756929,13
"606",2014-08-29,10.6223143756929,6
"607",2014-08-30,32.6223143756929,8
"608",2014-08-31,35.1223143756929,16
"609",2014-09-01,71.8723143756929,26
"610",2014-09-02,54.3723143756929,23
"611",2014-09-03,64.6223143756929,18
"612",2014-09-04,79.2889810423595,14
"613",2014-09-05,78.5389810423595,21
"614",2014-09-06,78.5389810423595,24
"615",2014-09-07,22.6223143756929,10
"616",2014-09-08,33.2889810423595,12
"617",2014-09-09,70.7889810423595,25
"618",2014-09-10,67.2889810423595,27
"619",2014-09-11,50.5598143756929,23
"620",2014-09-12,48.5598143756929,19
"621",2014-09-13,39.0598143756929,12
"622",2014-09-14,42.0598143756929,15
"623",2014-09-15,47.0598143756929,18
"624",2014-09-16,39.5598143756929,9
"625",2014-09-17,11.1487032645817,5
"626",2014-09-18,16.1487032645817,6
"627",2014-09-19,20.1487032645817,5
"628",2014-09-20,37.9820365979151,8
"629",2014-09-21,51.6606080264865,14
"630",2014-09-22,49.1606080264865,15
"631",2014-09-23,50.1606080264865,17
"632",2014-09-24,28.1606080264865,9
"633",2014-09-25,36.9106080264865,9
"634",2014-09-26,53.9106080264865,12
"635",2014-09-27,35.9106080264865,8
"636",2014-09-28,12.4820365979151,6
"637",2014-09-29,48.4820365979151,14
"638",2014-09-30,26.8153699312484,12
"639",2014-10-01,22.8153699312484,6
"640",2014-10-02,17.8153699312484,5
"641",2014-10-03,8.48203659791508,2
"642",2014-10-04,10.4820365979151,3
"643",2014-10-05,8.48203659791508,2
"644",2014-10-06,39.4820365979151,8
"645",2014-10-07,48.4820365979151,11
"646",2014-10-08,38.9820365979151,7
"647",2014-10-09,31.9820365979151,6
"648",2014-10-10,29.4820365979151,6
"649",2014-10-11,47.9820365979151,13
"650",2014-10-12,75.4820365979151,14
"651",2014-10-13,59.9820365979151,9
"652",2014-10-14,52.9820365979151,13
"653",2014-10-15,22.4820365979151,5
"654",2014-10-16,21.9820365979151,7
"655",2014-10-17,9.48203659791508,3
"656",2014-10-18,40.9820365979151,15
"657",2014-10-19,57.9820365979151,17
"658",2014-10-20,33.9820365979151,10
"659",2014-10-21,53.9820365979151,14
"660",2014-10-22,44.4820365979151,12
"661",2014-10-23,40.4820365979151,11
"662",2014-10-24,38.1456310679612,5
"663",2014-10-25,22.1456310679612,9
"664",2014-10-26,23.6456310679612,8
"665",2014-10-27,59.6456310679612,11
"666",2014-10-28,27.6456310679612,11
"667",2014-10-29,42.1456310679612,11
"668",2014-10-30,29.6456310679612,5
"669",2014-10-31,8.81229773462783,3
"670",2014-11-01,35.3122977346278,14
"671",2014-11-02,29.3122977346278,15
"672",2014-11-03,11.8122977346278,4
"673",2014-11-04,29.1456310679612,14
"674",2014-11-05,28.1456310679612,13
"675",2014-11-06,14,3
"676",2014-11-07,12.6666666666667,2
"677",2014-11-08,31.8333333333333,12
"678",2014-11-09,15.6666666666667,15
"679",2014-11-10,29.5,14
"680",2014-11-11,13.3333333333333,9
"681",2014-11-12,10.3333333333333,4
"682",2014-11-13,15.6666666666667,7
"683",2014-11-14,20.6666666666667,13
"684",2014-11-15,45.1666666666667,20
"685",2014-11-16,25.5,17
"686",2014-11-17,49,14
"687",2014-11-18,50.0714285714286,15
"688",2014-11-19,31.0714285714286,10
"689",2014-11-20,22.0714285714286,14
"690",2014-11-21,26.0714285714286,15
"691",2014-11-22,28.0714285714286,12
"692",2014-11-23,45.0714285714286,13
"693",2014-11-24,17.5714285714286,7
"694",2014-11-25,44.5,8
"695",2014-11-26,12.5,4
"696",2014-11-27,17.1666666666667,6
"697",2014-11-28,36.5,8
"698",2014-11-29,32,8
"699",2014-11-30,5.33333333333333,2
"700",2014-12-01,27,6
"701",2014-12-02,9,3
"702",2014-12-03,34.5,8
"703",2014-12-04,26.5,5
"704",2014-12-05,12.5,3
"705",2014-12-06,22.5,6
"706",2014-12-07,22,6
"707",2014-12-08,33,6
"708",2014-12-09,17,2
"709",2014-12-10,27,4
"710",2014-12-11,20,4
"711",2014-12-12,2,2
"712",2014-12-13,24.6,7
"713",2014-12-14,32.1,12
"714",2014-12-15,37.6,14
"715",2014-12-16,31.1,8
"716",2014-12-17,41.6,15
"717",2014-12-18,59.6666666666667,16
"718",2014-12-19,52.6666666666667,11
"719",2014-12-20,72.6666666666667,15
"720",2014-12-21,27.5,12
"721",2014-12-22,66.75,13
"722",2014-12-23,46.25,8
"723",2014-12-24,54.75,6
"724",2014-12-25,54.4166666666667,8
"725",2014-12-26,55.6666666666667,18
"726",2014-12-27,35.6666666666667,19
"727",2014-12-28,54.5,20
"728",2014-12-29,46.6666666666667,19
"729",2014-12-30,14.1666666666667,7
"730",2014-12-31,48.6666666666667,9
"731",2015-01-01,13.4094488188976,3
"732",2015-01-02,28.4094488188976,7
"733",2015-01-03,46.4094488188976,9
"734",2015-01-04,46.4094488188976,10
"735",2015-01-05,27.9094488188976,8
"736",2015-01-06,17.9094488188976,6
"737",2015-01-07,41.4094488188976,14
"738",2015-01-08,19.4094488188976,5
"739",2015-01-09,24.5761154855643,6
"740",2015-01-10,19.5761154855643,10
"741",2015-01-11,29.0761154855643,13
"742",2015-01-12,36.7094488188976,14
"743",2015-01-13,32.2094488188976,11
"744",2015-01-14,19.7094488188976,6
"745",2015-01-15,31.8761154855643,12
"746",2015-01-16,72.3761154855643,8
"747",2015-01-17,27.3761154855643,7
"748",2015-01-18,57.7094488188976,13
"749",2015-01-19,35.7094488188976,6
"750",2015-01-20,51.7094488188976,7
"751",2015-01-21,23.2808773903262,5
"752",2015-01-22,24.9808773903262,9
"753",2015-01-23,49.9808773903262,13
"754",2015-01-24,49.9808773903262,16
"755",2015-01-25,18.9808773903262,5
"756",2015-01-26,35.9808773903262,13
"757",2015-01-27,32.9808773903262,16
"758",2015-01-28,18.9808773903262,10
"759",2015-01-29,38.9808773903262,8
"760",2015-01-30,38.4808773903262,11
"761",2015-01-31,72.4808773903262,15
"762",2015-02-01,35.6475440569929,8
"763",2015-02-02,32.6475440569929,9
"764",2015-02-03,52.6475440569929,15
"765",2015-02-04,49.4094488188976,12
"766",2015-02-05,33.742782152231,13
"767",2015-02-06,19.742782152231,8
"768",2015-02-07,30.742782152231,10
"769",2015-02-08,17.4094488188976,8
"770",2015-02-09,48.4094488188976,15
"771",2015-02-10,59.9094488188976,14
"772",2015-02-11,37.4094488188976,10
"773",2015-02-12,55.1731850826339,13
"774",2015-02-13,70.1731850826339,15
"775",2015-02-14,52.1731850826339,15
"776",2015-02-15,61.3398517493006,12
"777",2015-02-16,130.708899368348,19
"778",2015-02-17,109.208899368348,15
"779",2015-02-18,87.8755660350148,14
"780",2015-02-19,97.8755660350148,14
"781",2015-02-20,95.8755660350148,15
"782",2015-02-21,84.0422327016815,12
"783",2015-02-22,87.2088993683482,16
"784",2015-02-23,66.2088993683482,12
"785",2015-02-24,40.3874707969196,8
"786",2015-02-25,54.6951631046119,8
"787",2015-02-26,33.6237345331834,7
"788",2015-02-27,40.6237345331834,10
"789",2015-02-28,29.1237345331834,7
"790",2015-03-01,40.6237345331834,21
"791",2015-03-02,41.0880202474691,22
"792",2015-03-03,136.088020247469,27
"793",2015-03-04,70.0880202474691,31
"794",2015-03-05,50.5880202474691,21
"795",2015-03-06,37.3380202474691,9
"796",2015-03-07,35.3380202474691,9
"797",2015-03-08,25.3380202474691,7
"798",2015-03-09,76.3380202474691,25
"799",2015-03-10,82.9094488188976,32
"800",2015-03-11,38.9094488188976,10
"801",2015-03-12,46.4094488188976,10
"802",2015-03-13,31.4094488188976,6
"803",2015-03-14,67.9094488188976,15
"804",2015-03-15,80.9094488188976,15
"805",2015-03-16,37.4094488188976,12
"806",2015-03-17,25.4094488188976,8
"807",2015-03-18,24.4094488188976,12
"808",2015-03-19,24.4094488188976,13
"809",2015-03-20,32.9094488188976,10
"810",2015-03-21,34.9094488188976,11
"811",2015-03-22,51.4094488188976,15
"812",2015-03-23,35.4094488188976,14
"813",2015-03-24,42.5523059617548,10
"814",2015-03-25,44.5523059617548,11
"815",2015-03-26,17.5523059617548,6
"816",2015-03-27,33.0523059617548,17
"817",2015-03-28,37.5523059617548,19
"818",2015-03-29,54.5523059617548,20
"819",2015-03-30,56.5523059617548,17
"820",2015-03-31,52.4094488188976,20
"821",2015-04-01,34.4094488188976,20
"822",2015-04-02,33.9094488188976,6
"823",2015-04-03,32.4094488188976,8
"824",2015-04-04,25.4094488188976,8
"825",2015-04-05,25.4094488188976,14
"826",2015-04-06,34.4094488188976,17
"827",2015-04-07,30.9094488188976,11
"828",2015-04-08,32.9094488188976,14
"829",2015-04-09,48.0761154855643,8
"830",2015-04-10,88.742782152231,18
"831",2015-04-11,73.742782152231,18
"832",2015-04-12,37.0761154855643,9
"833",2015-04-13,30.242782152231,15
"834",2015-04-14,23.242782152231,10
"835",2015-04-15,25.742782152231,10
"836",2015-04-16,18.4094488188976,8
"837",2015-04-17,29.4094488188976,7
"838",2015-04-18,45.4094488188976,4
"839",2015-04-19,25.4094488188976,18
"840",2015-04-20,26.4094488188976,19
"841",2015-04-21,36.4094488188976,19
"842",2015-04-22,62.9094488188976,30
"843",2015-04-23,45.242782152231,17
"844",2015-04-24,114.242782152231,36
"845",2015-04-25,97.5761154855643,36
"846",2015-04-26,63.742782152231,13
"847",2015-04-27,65.0761154855643,11
"848",2015-04-28,48.5761154855643,23
"849",2015-04-29,119.409448818898,32
"850",2015-04-30,76.9094488188976,11
"851",2015-05-01,50.5761154855643,26
"852",2015-05-02,30.242782152231,20
"853",2015-05-03,65.5761154855643,20
"854",2015-05-04,97.242782152231,21
"855",2015-05-05,56.242782152231,15
"856",2015-05-06,45.5761154855643,13
"857",2015-05-07,117.242782152231,20
"858",2015-05-08,14.8333333333333,13
"859",2015-05-09,52.3333333333333,30
"860",2015-05-10,49.5,22
"861",2015-05-11,76,18
"862",2015-05-12,84,22
"863",2015-05-13,50,13
"864",2015-05-14,90.8333333333333,13
"865",2015-05-15,81.8333333333333,14
"866",2015-05-16,65.3333333333333,13
"867",2015-05-17,24.3333333333333,12
"868",2015-05-18,71.7666666666667,23
"869",2015-05-19,93.2666666666667,26
"870",2015-05-20,75.7666666666667,19
"871",2015-05-21,90.7666666666667,18
"872",2015-05-22,75.2666666666667,14
"873",2015-05-23,27.6666666666667,13
"874",2015-05-24,36.3333333333333,13
"875",2015-05-25,86,22
"876",2015-05-26,77,24
"877",2015-05-27,60,11
"878",2015-05-28,18.6666666666667,9
"879",2015-05-29,30.6666666666667,9
"880",2015-05-30,11.6666666666667,7
"881",2015-05-31,61.1666666666667,12
"882",2015-06-01,22.75,8
"883",2015-06-02,32.25,13
"884",2015-06-03,59.4166666666667,13
"885",2015-06-04,38.75,10
"886",2015-06-05,29,6
"887",2015-06-06,23,9
"888",2015-06-07,25.5,8
"889",2015-06-08,32.1666666666667,10
"890",2015-06-09,34.8333333333333,8
"891",2015-06-10,27.8333333333333,8
"892",2015-06-11,62.6666666666667,8
"893",2015-06-12,51,5
"894",2015-06-13,54.5,12
"895",2015-06-14,38.5,20
"896",2015-06-15,107,22
"897",2015-06-16,117.5,10
"898",2015-06-17,58,11
"899",2015-06-18,6.5,4
"900",2015-06-19,82.5,15
"901",2015-06-20,109,19
"902",2015-06-21,66.5,7
"903",2015-06-22,18.5,5
"904",2015-06-23,101,7
"905",2015-06-24,6,6
"906",2015-06-25,16.8333333333333,5
"907",2015-06-26,47.3333333333333,8
"908",2015-06-27,49.8333333333333,20
"909",2015-06-28,46.5,19
"910",2015-06-29,3,4
"911",2015-06-30,18,9
"912",2015-07-01,49.6666666666667,6
"913",2015-07-02,29.6666666666667,6
"914",2015-07-03,37.1666666666667,8
"915",2015-07-04,39,18
"916",2015-07-05,29,19
"917",2015-07-06,37.1428571428571,22
"918",2015-07-07,67.6428571428571,20
"919",2015-07-08,69.1428571428571,9
"920",2015-07-09,16.6428571428571,9
"921",2015-07-10,117.642857142857,9
"922",2015-07-11,97.1428571428571,14
"923",2015-07-12,89.1428571428571,25
"924",2015-07-13,27,17
"925",2015-07-14,49,6
"926",2015-07-15,15,7
"927",2015-07-16,29.5,8
"928",2015-07-17,8.5,4
"929",2015-07-18,13.5,4
"930",2015-07-19,7.5,4
"931",2015-07-20,12.5,7
"932",2015-07-21,18.5,10
"933",2015-07-22,56,7
"934",2015-07-23,9.33333333333333,5
"935",2015-07-24,17.8333333333333,7
"936",2015-07-25,14.8333333333333,7
"937",2015-07-26,14,3
"938",2015-07-27,13,2
"939",2015-07-28,28,5
"940",2015-07-29,35,8
"941",2015-07-30,0,1
"942",2015-07-31,0,1
"943",2015-08-01,40,15
"944",2015-08-02,49,22
"945",2015-08-03,50,13
"946",2015-08-04,122,25
"947",2015-08-05,58,23
"948",2015-08-06,12,4
"949",2015-08-07,54,4
"950",2015-08-08,61.5,7
"951",2015-08-09,45.25,7
"952",2015-08-10,48.25,5
"953",2015-08-11,36.75,8
"954",2015-08-12,29.25,13
"955",2015-08-13,87.3333333333333,25
"956",2015-08-14,46.8333333333333,13
"957",2015-08-15,91.8333333333333,19
"958",2015-08-16,87.3333333333333,23
"959",2015-08-17,61.8333333333333,21
"960",2015-08-18,5.83333333333333,9
"961",2015-08-19,2.5,3
"962",2015-08-20,5.5,5
"963",2015-08-21,14,4
"964",2015-08-22,31.5,3
"965",2015-08-23,60.75,10
"966",2015-08-24,64.25,24
"967",2015-08-25,59.75,19
"968",2015-08-26,32.75,5
"969",2015-08-27,54.3333333333333,4
"970",2015-08-28,135.666666666667,7
"971",2015-08-29,124.666666666667,5
"972",2015-08-30,138.833333333333,5
"973",2015-08-31,48.5,4
"974",2015-09-01,62.8333333333333,6
"975",2015-09-02,44.6666666666667,11
"976",2015-09-03,14.1666666666667,6
"977",2015-09-04,2.33333333333333,2
"978",2015-09-05,73.5,5
"979",2015-09-06,85.5,9
"980",2015-09-07,37,24
"981",2015-09-08,64,27
"982",2015-09-09,46,7
"983",2015-09-10,38,4
"984",2015-09-11,61.5,8
"985",2015-09-12,71.6666666666667,6
"986",2015-09-13,57.1666666666667,6
"987",2015-09-14,57.6666666666667,7
"988",2015-09-15,42,4
"989",2015-09-16,13,8
"990",2015-09-17,12,5
"991",2015-09-18,57.5,17
"992",2015-09-19,64.5,13
"993",2015-09-20,44.5,5
"994",2015-09-21,37,16
"995",2015-09-22,64,26
"996",2015-09-23,11.5,9
"997",2015-09-24,1,2
"998",2015-09-25,1.66666666666667,2
"999",2015-09-26,38.1666666666667,4
"1000",2015-09-27,132.166666666667,5
"1001",2015-09-28,106.728571428571,10
"1002",2015-09-29,175.228571428571,21
"1003",2015-09-30,151.728571428571,17
"1004",2015-10-01,84.5619047619048,8
"1005",2015-10-02,81.5619047619048,6
"1006",2015-10-03,207.761904761905,9
"1007",2015-10-04,69.7619047619048,7
"1008",2015-10-05,21.6666666666667,8
"1009",2015-10-06,35.6666666666667,6
"1010",2015-10-07,32.6666666666667,8
"1011",2015-10-08,36.8333333333333,10
"1012",2015-10-09,117.833333333333,13
"1013",2015-10-10,109.333333333333,8
"1014",2015-10-11,95.3333333333333,7
"1015",2015-10-12,56.1666666666667,19
"1016",2015-10-13,306.666666666667,41
"1017",2015-10-14,187.666666666667,36
"1018",2015-10-15,31.1666666666667,18
"1019",2015-10-16,27.1666666666667,7
"1020",2015-10-17,28.3333333333333,8
"1021",2015-10-18,55.3333333333333,13
"1022",2015-10-19,29.5,10
"1023",2015-10-20,50.8333333333333,11
"1024",2015-10-21,31.8333333333333,6
"1025",2015-10-22,31.3333333333333,7
"1026",2015-10-23,44,9
"1027",2015-10-24,111.166666666667,5
"1028",2015-10-25,156.166666666667,11
"1029",2015-10-26,49,11
"1030",2015-10-27,10.5,3
"1031",2015-10-28,20.5,5
"1032",2015-10-29,13,5
"1033",2015-10-30,38,5
"1034",2015-10-31,12,1
"1035",2015-11-01,52.5,5
"1036",2015-11-02,4.5,2
"1037",2015-11-03,25.5,5
"1038",2015-11-04,8.5,4
"1039",2015-11-05,36.6666666666667,3
"1040",2015-11-06,12.6666666666667,3
"1041",2015-11-07,19.1666666666667,6
"1042",2015-11-08,19.6666666666667,5
"1043",2015-11-09,21.1666666666667,6
"1044",2015-11-10,17.6666666666667,5
"1045",2015-11-11,17.5,4
"1046",2015-11-12,41.8333333333333,6
"1047",2015-11-13,29.3333333333333,3
"1048",2015-11-14,46.3333333333333,11
"1049",2015-11-15,27.5,12
"1050",2015-11-16,16.5,11
"1051",2015-11-17,36,13
"1052",2015-11-18,36,5
"1053",2015-11-19,10,3
"1054",2015-11-20,11.1666666666667,4
"1055",2015-11-21,86.6666666666667,10
"1056",2015-11-22,35.6666666666667,15
"1057",2015-11-23,36.5,14
"1058",2015-11-24,36.5,11
"1059",2015-11-25,28,7
"1060",2015-11-26,7.5,3
"1061",2015-11-27,4.66666666666667,3
"1062",2015-11-28,6.16666666666667,5
"1063",2015-11-29,12.1666666666667,6
"1064",2015-11-30,21,5
"1065",2015-12-01,19,6
"1066",2015-12-02,27.5,8
"1067",2015-12-03,24.5,3
"1068",2015-12-04,27.5,3
"1069",2015-12-05,42.5,4
"1070",2015-12-06,9,13
"1071",2015-12-07,15,15
"1072",2015-12-08,31.5,3
"1073",2015-12-09,45.5,3
"1074",2015-12-10,5,3
"1075",2015-12-11,5,3
"1076",2015-12-12,5,2
"1077",2015-12-13,9,8
"1078",2015-12-14,40.5,11
"1079",2015-12-15,20,9
"1080",2015-12-16,19.5,9
"1081",2015-12-17,3,1
"1082",2015-12-18,73,11
"1083",2015-12-19,73,17
"1084",2015-12-20,86,19
"1085",2015-12-21,60,19
"1086",2015-12-22,26,8
"1087",2015-12-23,57,2
"1088",2015-12-24,16,1
"1089",2015-12-25,18.5,8
"1090",2015-12-26,32.5,18
"1091",2015-12-27,35,16
"1092",2015-12-28,57.5,9
"1093",2015-12-29,48,9
"1094",2015-12-30,19,5
"1095",2015-12-31,26.5,2
"1096",2016-01-01,9.13888888888889,11
"1097",2016-01-02,22.6388888888889,22
"1098",2016-01-03,25.1388888888889,21
"1099",2016-01-04,38.3055555555556,12
"1100",2016-01-05,25.7222222222222,10
"1101",2016-01-06,19.7222222222222,7
"1102",2016-01-07,74.8888888888889,9
"1103",2016-01-08,40.7222222222222,9
"1104",2016-01-09,49.7222222222222,15
"1105",2016-01-10,39,10
"1106",2016-01-11,42,11
"1107",2016-01-12,0,2
"1108",2016-01-13,46,10
"1109",2016-01-14,42.9666666666667,20
"1110",2016-01-15,91.1333333333333,25
"1111",2016-01-16,36.1333333333333,16
"1112",2016-01-17,12.9666666666667,8
"1113",2016-01-18,10.8,7
"1114",2016-01-19,25.8333333333333,9
"1115",2016-01-20,3.83333333333333,4
"1116",2016-01-21,6.83333333333333,10
"1117",2016-01-22,35.5,16
"1118",2016-01-23,49,10
"1119",2016-01-24,16.3333333333333,8
"1120",2016-01-25,44.3333333333333,11
"1121",2016-01-26,45.3333333333333,12
"1122",2016-01-27,12.3333333333333,7
"1123",2016-01-28,15.8333333333333,9
"1124",2016-01-29,10.8333333333333,6
"1125",2016-01-30,29.5,9
"1126",2016-01-31,22.5,5
"1127",2016-02-01,86.3333333333333,12
"1128",2016-02-02,41.8333333333333,14
"1129",2016-02-03,35.8333333333333,7
"1130",2016-02-04,28,10
"1131",2016-02-05,41,14
"1132",2016-02-06,34,10
"1133",2016-02-07,48,17
"1134",2016-02-08,58,15
"1135",2016-02-09,71.1666666666667,18
"1136",2016-02-10,11.1666666666667,4
"1137",2016-02-11,24.4166666666667,8
"1138",2016-02-12,41.4166666666667,8
"1139",2016-02-13,63.4166666666667,11
"1140",2016-02-14,40.25,14
"1141",2016-02-15,77.8333333333333,19
"1142",2016-02-16,20.3333333333333,7
"1143",2016-02-17,54,9
"1144",2016-02-18,97,12
"1145",2016-02-19,28.5,7
"1146",2016-02-20,18,4
"1147",2016-02-21,38.5,6
"1148",2016-02-22,47.5,7
"1149",2016-02-23,18.5,7
"1150",2016-02-24,53,8
"1151",2016-02-25,58.6666666666667,14
"1152",2016-02-26,33.8,13
"1153",2016-02-27,103.05,18
"1154",2016-02-28,33.8833333333333,9
"1155",2016-02-29,30.8833333333333,8
"1156",2016-03-01,37.3833333333333,8
"1157",2016-03-02,16.1333333333333,5
"1158",2016-03-03,37.6333333333333,11
"1159",2016-03-04,25.6333333333333,10
"1160",2016-03-05,78.1333333333333,10
"1161",2016-03-06,36.3833333333333,13
"1162",2016-03-07,58.9388888888889,19
"1163",2016-03-08,25.4388888888889,14
"1164",2016-03-09,21.7722222222222,11
"1165",2016-03-10,15.3555555555556,8
"1166",2016-03-11,50.1888888888889,13
"1167",2016-03-12,49.4590643274854,11
"1168",2016-03-13,13.2923976608187,7
"1169",2016-03-14,43.9590643274854,12
"1170",2016-03-15,19.9590643274854,10
"1171",2016-03-16,56.7368421052632,9
"1172",2016-03-17,52.7368421052632,8
"1173",2016-03-18,20.7368421052632,7
"1174",2016-03-19,2.73684210526316,4
"1175",2016-03-20,34.7368421052632,11
"1176",2016-03-21,21.7368421052632,10
"1177",2016-03-22,28.2368421052632,16
"1178",2016-03-23,36.2368421052632,13
"1179",2016-03-24,34.2368421052632,11
"1180",2016-03-25,42.4868421052632,12
"1181",2016-03-26,29.9868421052632,8
"1182",2016-03-27,53.9868421052632,10
"1183",2016-03-28,50.9868421052632,9
"1184",2016-03-29,31.7368421052632,12
"1185",2016-03-30,29.7368421052632,12
"1186",2016-03-31,28,7
"1187",2016-04-01,7.5,4
"1188",2016-04-02,16,6
"1189",2016-04-03,41,10
"1190",2016-04-04,34.5,11
"1191",2016-04-05,66,9
"1192",2016-04-06,40.5,14
"1193",2016-04-07,68,20
"1194",2016-04-08,42,11
"1195",2016-04-09,30.5,7
"1196",2016-04-10,43,7
"1197",2016-04-11,36,8
"1198",2016-04-12,48.6666666666667,24
"1199",2016-04-13,76.6666666666666,29
"1200",2016-04-14,136.666666666667,31
"1201",2016-04-15,108.833333333333,23
"1202",2016-04-16,37.8333333333333,14
"1203",2016-04-17,89.5,30
"1204",2016-04-18,54.5,22
"1205",2016-04-19,81,7
"1206",2016-04-20,33.8333333333333,20
"1207",2016-04-21,51.5,23
"1208",2016-04-22,62,23
"1209",2016-04-23,21.5,13
"1210",2016-04-24,33.5,12
"1211",2016-04-25,34.6666666666667,18
"1212",2016-04-26,71.8333333333333,24
"1213",2016-04-27,28.8333333333333,10
"1214",2016-04-28,71.6666666666667,18
"1215",2016-04-29,76.3333333333334,33
"1216",2016-04-30,42.3333333333333,27
"1217",2016-05-01,57.3333333333333,29
"1218",2016-05-02,42,11
"1219",2016-05-03,4.5,4
"1220",2016-05-04,26.5,11
"1221",2016-05-05,43.8333333333333,12
"1222",2016-05-06,74.8333333333333,31
"1223",2016-05-07,72.6666666666667,31
"1224",2016-05-08,52,20
"1225",2016-05-09,48.1428571428571,23
"1226",2016-05-10,53.7619047619048,18
"1227",2016-05-11,56.0952380952381,11
"1228",2016-05-12,34.7619047619048,18
"1229",2016-05-13,34.5952380952381,15
"1230",2016-05-14,73.0952380952381,33
"1231",2016-05-15,82.9285714285714,26
"1232",2016-05-16,50.2857142857143,13
"1233",2016-05-17,71.3333333333333,14
"1234",2016-05-18,113.833333333333,27
"1235",2016-05-19,117.333333333333,25
"1236",2016-05-20,29.1666666666667,7
"1237",2016-05-21,38.6666666666667,13
"1238",2016-05-22,16.6666666666667,6
"1239",2016-05-23,34,4
"1240",2016-05-24,56.5,9
"1241",2016-05-25,42.1666666666667,9
"1242",2016-05-26,42.6666666666667,24
"1243",2016-05-27,49.9166666666667,25
"1244",2016-05-28,115.75,22
"1245",2016-05-29,144.75,20
"1246",2016-05-30,65.25,14
"1247",2016-05-31,61,13
"1248",2016-06-01,92.5,15
"1249",2016-06-02,59,12
"1250",2016-06-03,91.8333333333333,9
"1251",2016-06-04,26.3333333333333,10
"1252",2016-06-05,48.3333333333333,14
"1253",2016-06-06,29.3333333333333,10
"1254",2016-06-07,46.3333333333333,19
"1255",2016-06-08,22.3333333333333,18
"1256",2016-06-09,9.5,4
"1257",2016-06-10,42.5,10
"1258",2016-06-11,94,10
"1259",2016-06-12,48.1666666666667,10
"1260",2016-06-13,65.6666666666667,11
"1261",2016-06-14,79.1666666666667,12
"1262",2016-06-15,98.6666666666667,13
"1263",2016-06-16,54.5,32
"1264",2016-06-17,29.5,25
"1265",2016-06-18,29.8333333333333,9
"1266",2016-06-19,30.5,7
"1267",2016-06-20,13,5
"1268",2016-06-21,15,6
"1269",2016-06-22,16,8
"1270",2016-06-23,48.5,23
"1271",2016-06-24,60.5,22
"1272",2016-06-25,95,13
"1273",2016-06-26,38,10
"1274",2016-06-27,34,6
"1275",2016-06-28,80.5,8
"1276",2016-06-29,18.5,4
"1277",2016-06-30,66.5,7
"1278",2016-07-01,41,5
"1279",2016-07-02,38,9
"1280",2016-07-03,39,9
"1281",2016-07-04,50.5,9
"1282",2016-07-05,34,7
"1283",2016-07-06,0,2
"1284",2016-07-07,10,5
"1285",2016-07-08,34.5,16
"1286",2016-07-09,32,19
"1287",2016-07-10,25.5,10
"1288",2016-07-11,14,5
"1289",2016-07-12,49,6
"1290",2016-07-13,59,6
"1291",2016-07-14,52,12
"1292",2016-07-15,61.5,14
"1293",2016-07-16,58.5,10
"1294",2016-07-17,20,5
"1295",2016-07-18,34,5
"1296",2016-07-19,29.8333333333333,7
"1297",2016-07-20,39.3333333333333,7
"1298",2016-07-21,23.8333333333333,5
"1299",2016-07-22,41.5,4
"1300",2016-07-23,60.7083333333333,11
"1301",2016-07-24,52.2083333333333,11
"1302",2016-07-25,84.1495098039216,10
"1303",2016-07-26,80.1495098039216,8
"1304",2016-07-27,41.034125188537,9
"1305",2016-07-28,49.034125188537,27
"1306",2016-07-29,71.2007918552036,29
"1307",2016-07-30,63.2007918552036,18
"1308",2016-07-31,74.8257918552036,22
"1309",2016-08-01,75.3849316401498,21
"1310",2016-08-02,68.5515983068165,17
"1311",2016-08-03,46.5515983068165,10
"1312",2016-08-04,29.2182649734832,10
"1313",2016-08-05,48.2182649734832,13
"1314",2016-08-06,83.7182649734832,14
"1315",2016-08-07,52.9682649734832,16
"1316",2016-08-08,108.13493164015,19
"1317",2016-08-09,33.7503162555345,9
"1318",2016-08-10,85.7503162555345,13
"1319",2016-08-11,99.86866359447,13
"1320",2016-08-12,99.36866359447,15
"1321",2016-08-13,77.86866359447,18
"1322",2016-08-14,26.36866359447,11
"1323",2016-08-15,23.86866359447,10
"1324",2016-08-16,19.86866359447,8
"1325",2016-08-17,22.86866359447,6
"1326",2016-08-18,62.2019969278034,8
"1327",2016-08-19,63.2019969278034,12
"1328",2016-08-20,43.2019969278034,13
"1329",2016-08-21,19.36866359447,9
"1330",2016-08-22,95.5115207373272,13
"1331",2016-08-23,67.5115207373272,14
"1332",2016-08-24,74.5115207373272,16
"1333",2016-08-25,74.36866359447,10
"1334",2016-08-26,54.86866359447,8
"1335",2016-08-27,49.86866359447,8
"1336",2016-08-28,38.36866359447,6
"1337",2016-08-29,217.225806451613,10
"1338",2016-08-30,80.2258064516129,14
"1339",2016-08-31,70.2258064516129,11
"1340",2016-09-01,75.9444444444444,8
"1341",2016-09-02,63.9444444444444,10
"1342",2016-09-03,28.9444444444444,7
"1343",2016-09-04,40.2777777777778,9
"1344",2016-09-05,162.777777777778,13
"1345",2016-09-06,133.777777777778,11
"1346",2016-09-07,79.9444444444444,7
"1347",2016-09-08,62.2777777777778,6
"1348",2016-09-09,35.7777777777778,6
"1349",2016-09-10,15.3333333333333,6
"1350",2016-09-11,60,11
"1351",2016-09-12,71.6666666666667,14
"1352",2016-09-13,35.6666666666667,13
"1353",2016-09-14,72.1666666666667,23
"1354",2016-09-15,60.5,10
"1355",2016-09-16,8.33333333333333,4
"1356",2016-09-17,43.3333333333333,7
"1357",2016-09-18,18.3333333333333,7
"1358",2016-09-19,58,8
"1359",2016-09-20,15.5,3
"1360",2016-09-21,19.5,4
"1361",2016-09-22,83,11
"1362",2016-09-23,72.3333333333333,14
"1363",2016-09-24,45.3333333333333,6
"1364",2016-09-25,30.8333333333333,5
"1365",2016-09-26,28.5,3
"1366",2016-09-27,21.1666666666667,4
"1367",2016-09-28,31.8333333333333,7
"1368",2016-09-29,34.1666666666667,7
"1369",2016-09-30,45.5,11
"1370",2016-10-01,63.8333333333333,14
"1371",2016-10-02,61.7,13
"1372",2016-10-03,112.366666666667,12
"1373",2016-10-04,147.024675324675,21
"1374",2016-10-05,113.024675324675,16
"1375",2016-10-06,141.667532467532,21
"1376",2016-10-07,119.467532467532,22
"1377",2016-10-08,118.967532467532,25
"1378",2016-10-09,165.800865800866,32
"1379",2016-10-10,156.300865800866,28
"1380",2016-10-11,235.800865800866,33
"1381",2016-10-12,136.800865800866,20
"1382",2016-10-13,107.300865800866,21
"1383",2016-10-14,96.3008658008658,19
"1384",2016-10-15,90.7857142857143,16
"1385",2016-10-16,104.619047619048,17
"1386",2016-10-17,106.619047619048,17
"1387",2016-10-18,51.9523809523809,14
"1388",2016-10-19,58.2857142857143,21
"1389",2016-10-20,58.6428571428571,14
"1390",2016-10-21,155.142857142857,16
"1391",2016-10-22,78.9761904761905,10
"1392",2016-10-23,27.9761904761905,7
"1393",2016-10-24,66.9761904761905,12
"1394",2016-10-25,21,6
"1395",2016-10-26,71.5,5
"1396",2016-10-27,46,5
"1397",2016-10-28,65.5,9
"1398",2016-10-29,41.5,7
"1399",2016-10-30,61.1666666666667,12
"1400",2016-10-31,68.8333333333333,13
"1401",2016-11-01,89.6904761904762,16
"1402",2016-11-02,98.8571428571429,8
"1403",2016-11-03,86.1904761904762,5
"1404",2016-11-04,42.1904761904762,7
"1405",2016-11-05,34.1904761904762,9
"1406",2016-11-06,30.1904761904762,6
"1407",2016-11-07,37.1904761904762,10
"1408",2016-11-08,31,7
"1409",2016-11-09,27,5
"1410",2016-11-10,31.3333333333333,4
"1411",2016-11-11,33.3333333333333,4
"1412",2016-11-12,26.3333333333333,5
"1413",2016-11-13,14.5,11
"1414",2016-11-14,13.5,10
"1415",2016-11-15,14,6
"1416",2016-11-16,14.5,4
"1417",2016-11-17,29,5
"1418",2016-11-18,66,15
"1419",2016-11-19,21.8333333333333,9
"1420",2016-11-20,29.8333333333333,10
"1421",2016-11-21,20.8333333333333,7
"1422",2016-11-22,7,3
"1423",2016-11-23,6,2
"1424",2016-11-24,9.5,14
"1425",2016-11-25,20.1666666666667,15
"1426",2016-11-26,16.6666666666667,3
"1427",2016-11-27,44.6666666666667,8
"1428",2016-11-28,28.6666666666667,8
"1429",2016-11-29,22.6666666666667,8
"1430",2016-11-30,41.6666666666667,8
"1431",2016-12-01,18.6666666666667,18
"1432",2016-12-02,25.6666666666667,17
"1433",2016-12-03,20,6
"1434",2016-12-04,20.8333333333333,4
"1435",2016-12-05,52.8333333333333,7
"1436",2016-12-06,32.6666666666667,8
"1437",2016-12-07,31.3333333333333,10
"1438",2016-12-08,15.8333333333333,5
"1439",2016-12-09,35.1666666666667,7
"1440",2016-12-10,17.8571428571429,5
"1441",2016-12-11,31.8571428571429,11
"1442",2016-12-12,61.1904761904762,11
"1443",2016-12-13,17.5238095238095,6
"1444",2016-12-14,27.5238095238095,7
"1445",2016-12-15,7.19047619047619,3
"1446",2016-12-16,3.85714285714286,2
"1447",2016-12-17,6,2
"1448",2016-12-18,21,5
"1449",2016-12-19,35,11
"1450",2016-12-20,45,12
"1451",2016-12-21,22.5,5
"1452",2016-12-22,15.5,11
"1453",2016-12-23,20,14
"1454",2016-12-24,16,8
"1455",2016-12-25,18.5,10
"1456",2016-12-26,27.5,5
"1457",2016-12-27,23.1666666666667,7
"1458",2016-12-28,24.1666666666667,7
"1459",2016-12-29,51.1666666666667,18
"1460",2016-12-30,49.5,17
"1461",2016-12-31,79,15
"1462",2017-01-01,75.3333333333333,20
"1463",2017-01-02,88.8333333333333,27
"1464",2017-01-03,29.6666666666667,20
"1465",2017-01-04,64.4761904761905,27
"1466",2017-01-05,42.7261904761905,26
"1467",2017-01-06,25.8928571428571,21
"1468",2017-01-07,15.8928571428571,18
"1469",2017-01-08,24.8928571428571,16
"1470",2017-01-09,30.1428571428571,15
"1471",2017-01-10,101.142857142857,18
"1472",2017-01-11,25,12
"1473",2017-01-12,41,17
"1474",2017-01-13,47.6666666666667,21
"1475",2017-01-14,74.3333333333333,20
"1476",2017-01-15,26.3333333333333,16
"1477",2017-01-16,26.3333333333333,14
"1478",2017-01-17,12.6666666666667,10
"1479",2017-01-18,6.66666666666667,7
"1480",2017-01-19,24,16
"1481",2017-01-20,76.5,28
"1482",2017-01-21,56,25
"1483",2017-01-22,47.5,17
"1484",2017-01-23,32.4166666666667,9
"1485",2017-01-24,47.4166666666667,12
"1486",2017-01-25,43.4166666666667,11
"1487",2017-01-26,34.75,8
"1488",2017-01-27,23.6666666666667,10
"1489",2017-01-28,24.6666666666667,10
"1490",2017-01-29,30.6666666666667,10
"1491",2017-01-30,58.2666666666667,13
"1492",2017-01-31,43.6,8
"1493",2017-02-01,73.6,17
"1494",2017-02-02,70.6,11
"1495",2017-02-03,73.2666666666667,7
"1496",2017-02-04,18.6666666666667,4
"1497",2017-02-05,40.5,11
"1498",2017-02-06,63.5,16
"1499",2017-02-07,62.5,8
"1500",2017-02-08,45.8333333333333,11
"1501",2017-02-09,14.3333333333333,3
"1502",2017-02-10,75.8333333333333,17
"1503",2017-02-11,74.8333333333333,19
"1504",2017-02-12,18.3333333333333,7
"1505",2017-02-13,25.3333333333333,18
"1506",2017-02-14,44,17
"1507",2017-02-15,31,9
"1508",2017-02-16,55.6666666666667,16
"1509",2017-02-17,43.1666666666667,16
"1510",2017-02-18,76.1666666666667,9
"1511",2017-02-19,33,7
"1512",2017-02-20,31.3333333333333,9
"1513",2017-02-21,32.3333333333333,9
"1514",2017-02-22,42.3333333333333,9
"1515",2017-02-23,50.5,18
"1516",2017-02-24,54.3333333333333,20
"1517",2017-02-25,74.6666666666667,20
"1518",2017-02-26,55.6666666666667,16
"1519",2017-02-27,42.1666666666667,11
"1520",2017-02-28,46.3333333333333,4
"1521",2017-03-01,112.833333333333,14
"1522",2017-03-02,98.5,8
"1523",2017-03-03,120.666666666667,12
"1524",2017-03-04,81.1666666666667,18
"1525",2017-03-05,53,18
"1526",2017-03-06,36.5,8
"1527",2017-03-07,22,6
"1528",2017-03-08,94.6666666666667,11
"1529",2017-03-09,17.5,8
"1530",2017-03-10,76.6666666666667,17
"1531",2017-03-11,94.1666666666667,24
"1532",2017-03-12,80,20
"1533",2017-03-13,77,16
"1534",2017-03-14,43.5,25
"1535",2017-03-15,28.1666666666667,22
"1536",2017-03-16,31.5625,17
"1537",2017-03-17,75.3958333333333,33
"1538",2017-03-18,82.8958333333333,29
"1539",2017-03-19,79.6458333333333,23
"1540",2017-03-20,71.3125,16
"1541",2017-03-21,1.8125,6
"1542",2017-03-22,2.8125,7
"1543",2017-03-23,44.5625,11
"1544",2017-03-24,59.5625,13
"1545",2017-03-25,39.0625,10
"1546",2017-03-26,7.39583333333333,11
"1547",2017-03-27,108.110119047619,23
"1548",2017-03-28,64.6101190476191,20
"1549",2017-03-29,179.943452380952,27
"1550",2017-03-30,56.9434523809524,19
"1551",2017-03-31,29.9434523809524,10
"1552",2017-04-01,33.7142857142857,7
"1553",2017-04-02,34.2142857142857,9
"1554",2017-04-03,50.5,6
"1555",2017-04-04,17.8333333333333,6
"1556",2017-04-05,74.3333333333333,12
"1557",2017-04-06,36,10
"1558",2017-04-07,63.6666666666667,10
"1559",2017-04-08,93.8333333333333,18
"1560",2017-04-09,26.1666666666667,6
"1561",2017-04-10,41.1666666666667,14
"1562",2017-04-11,59,8
"1563",2017-04-12,25,4
"1564",2017-04-13,103,2
"1565",2017-04-14,33.6666666666667,6
"1566",2017-04-15,23,7
"1567",2017-04-16,24,7
"1568",2017-04-17,16.3333333333333,6
"1569",2017-04-18,26.7333333333333,11
"1570",2017-04-19,37.7333333333333,11
"1571",2017-04-20,34.7333333333333,9
"1572",2017-04-21,184.4,7
"1573",2017-04-22,26.4,9
"1574",2017-04-23,28.5,8
"1575",2017-04-24,36.5,9
"1576",2017-04-25,43.4,7
"1577",2017-04-26,70.4,5
"1578",2017-04-27,27.4,19
"1579",2017-04-28,46.1142857142857,24
"1580",2017-04-29,60.6142857142857,24
"1581",2017-04-30,43.2142857142857,18
"1582",2017-05-01,82.2142857142857,11
"1583",2017-05-02,27.2142857142857,4
"1584",2017-05-03,43.2142857142857,7
"1585",2017-05-04,123.214285714286,7
"1586",2017-05-05,7,2
"1587",2017-05-06,11.25,1
"1588",2017-05-07,123.083333333333,14
"1589",2017-05-08,51.5833333333333,10
"1590",2017-05-09,38.0833333333333,6
"1591",2017-05-10,31.8571428571429,6
"1592",2017-05-11,39.8571428571429,7
"1593",2017-05-12,91.8571428571429,12
"1594",2017-05-13,58.6904761904762,9
"1595",2017-05-14,49.0238095238095,9
"1596",2017-05-15,34.3571428571429,19
"1597",2017-05-16,90.6904761904762,20
"1598",2017-05-17,54.7857142857143,12
"1599",2017-05-18,77.4523809523809,15
"1600",2017-05-19,120.785714285714,13
"1601",2017-05-20,80.7857142857143,9
"1602",2017-05-21,69.6190476190476,10
"1603",2017-05-22,39.1190476190476,9
"1604",2017-05-23,46.1190476190476,8
"1605",2017-05-24,96.7142857142857,11
"1606",2017-05-25,82.8809523809524,13
"1607",2017-05-26,58.8809523809524,10
"1608",2017-05-27,130.714285714286,12
"1609",2017-05-28,33.5476190476191,9
"1610",2017-05-29,77.5476190476191,13
"1611",2017-05-30,22.7142857142857,5
"1612",2017-05-31,28,3
"1613",2017-06-01,5,2
"1614",2017-06-02,9,3
"1615",2017-06-03,33,4
"1616",2017-06-04,68.5,11
"1617",2017-06-05,43,6
"1618",2017-06-06,40.3,4
"1619",2017-06-07,44.8,8
"1620",2017-06-08,19.8,7
"1621",2017-06-09,40.3,10
"1622",2017-06-10,47.6333333333333,14
"1623",2017-06-11,15.3333333333333,3
"1624",2017-06-12,9.83333333333333,4
"1625",2017-06-13,85,9
"1626",2017-06-14,15.5,5
"1627",2017-06-15,15,3
"1628",2017-06-16,18.5,5
"1629",2017-06-17,29.5,5
"1630",2017-06-18,32.6666666666667,7
"1631",2017-06-19,53.6666666666667,8
"1632",2017-06-20,27.6666666666667,14
"1633",2017-06-21,7,6
"1634",2017-06-22,42,3
"1635",2017-06-23,17.5,5
"1636",2017-06-24,13,14
"1637",2017-06-25,32.5,16
"1638",2017-06-26,17.5,12
"1639",2017-06-27,37.5,14
"1640",2017-06-28,10,4
"1641",2017-06-29,51,6
"1642",2017-06-30,43,12
"1643",2017-07-01,124.933333333333,17
"1644",2017-07-02,102.308333333333,10
"1645",2017-07-03,32.3083333333333,6
"1646",2017-07-04,48.3083333333333,6
"1647",2017-07-05,61.5083333333333,13
"1648",2017-07-06,104.508333333333,26
"1649",2017-07-07,96.175,32
"1650",2017-07-08,91.175,20
"1651",2017-07-09,64.675,25
"1652",2017-07-10,38.9333333333333,20
"1653",2017-07-11,22.4333333333333,7
"1654",2017-07-12,39.9333333333333,10
"1655",2017-07-13,38.9333333333333,11
"1656",2017-07-14,61.9333333333333,20
"1657",2017-07-15,74.9333333333333,22
"1658",2017-07-16,46,6
"1659",2017-07-17,28,8
"1660",2017-07-18,76,31
"1661",2017-07-19,33,23
"1662",2017-07-20,95.0555555555556,11
"1663",2017-07-21,164.222222222222,25
"1664",2017-07-22,76.3888888888889,21
"1665",2017-07-23,138.888888888889,12
"1666",2017-07-24,185.722222222222,11
"1667",2017-07-25,98.0555555555556,7
"1668",2017-07-26,170.722222222222,23
"1669",2017-07-27,65.7222222222222,21
"1670",2017-07-28,122.222222222222,20
"1671",2017-07-29,112,21
"1672",2017-07-30,20,4
"1673",2017-07-31,56,7
"1674",2017-08-01,62.3333333333333,7
"1675",2017-08-02,144.333333333333,19
"1676",2017-08-03,59.8333333333333,25
"1677",2017-08-04,178.333333333333,26
"1678",2017-08-05,29.8333333333333,7
"1679",2017-08-06,60.8333333333333,9
"1680",2017-08-07,34.1666666666667,13
"1681",2017-08-08,27.6666666666667,10
"1682",2017-08-09,24.6666666666667,11
"1683",2017-08-10,79,23
"1684",2017-08-11,101,27
"1685",2017-08-12,52,9
"1686",2017-08-13,65.5,7
"1687",2017-08-14,142.5,9
"1688",2017-08-15,40.8333333333333,6
"1689",2017-08-16,166.833333333333,8
"1690",2017-08-17,15.3333333333333,3
"1691",2017-08-18,104,7
"1692",2017-08-19,69.5,7
"1693",2017-08-20,78.5,4
"1694",2017-08-21,30.1666666666667,8
"1695",2017-08-22,144.166666666667,17
"1696",2017-08-23,113.666666666667,12
"1697",2017-08-24,66.6666666666667,9
"1698",2017-08-25,66.6666666666667,7
"1699",2017-08-26,34.6666666666667,8
"1700",2017-08-27,59,9
"1701",2017-08-28,92.3333333333333,7
"1702",2017-08-29,15.8333333333333,5
"1703",2017-08-30,26.8333333333333,6
"1704",2017-08-31,0,1
"1705",2017-09-01,18,13
"1706",2017-09-02,43,16
"1707",2017-09-03,2.33333333333333,2
"1708",2017-09-04,39.3333333333333,9
"1709",2017-09-05,79.8333333333333,8
"1710",2017-09-06,26.5,10
"1711",2017-09-07,52.5,20
"1712",2017-09-08,41.5,19
"1713",2017-09-09,20,11
"1714",2017-09-10,44,15
"1715",2017-09-11,65.5,26
"1716",2017-09-12,30.5,19
"1717",2017-09-13,35,11
"1718",2017-09-14,33,12
"1719",2017-09-15,33.1666666666667,6
"1720",2017-09-16,54.6666666666667,10
"1721",2017-09-17,61.6666666666667,11
"1722",2017-09-18,82.375,13
"1723",2017-09-19,71.875,17
"1724",2017-09-20,49.375,10
"1725",2017-09-21,12.375,5
"1726",2017-09-22,102.375,17
"1727",2017-09-23,39.2083333333333,8
"1728",2017-09-24,59.9940476190476,10
"1729",2017-09-25,49.9940476190476,11
"1730",2017-09-26,61.2857142857143,13
"1731",2017-09-27,91.2857142857143,13
"1732",2017-09-28,89.7857142857143,22
"1733",2017-09-29,83.2857142857143,20
"1734",2017-09-30,50.4190476190476,10
"1735",2017-10-01,62.1690476190476,10
"1736",2017-10-02,64.5023809523809,10
"1737",2017-10-03,94.1690476190476,9
"1738",2017-10-04,95.1690476190476,12
"1739",2017-10-05,137.785714285714,11
"1740",2017-10-06,107.785714285714,9
"1741",2017-10-07,20.2857142857143,5
"1742",2017-10-08,54,7
"1743",2017-10-09,48,5
"1744",2017-10-10,29,6
"1745",2017-10-11,0,1
"1746",2017-10-12,20,4
"1747",2017-10-13,25,3
"1748",2017-10-14,33,4
"1749",2017-10-15,11,4
"1750",2017-10-16,73,11
"1751",2017-10-17,113,10
"1752",2017-10-18,87,6
"1753",2017-10-19,83,5
"1754",2017-10-20,81,6
"1755",2017-10-21,54,3
"1756",2017-10-22,31,8
"1757",2017-10-23,52.75,7
"1758",2017-10-24,56.75,9
"1759",2017-10-25,23.0833333333333,6
"1760",2017-10-26,45.0833333333333,3
"1761",2017-10-27,62.3333333333333,4
"1762",2017-10-28,22,2
"1763",2017-10-29,49.5,6
"1764",2017-10-30,13,2
"1765",2017-10-31,26,9
"1766",2017-11-01,23.5,10
"1767",2017-11-02,0,0
"1768",2017-11-03,34.6666666666667,8
"1769",2017-11-04,43.6666666666667,8
"1770",2017-11-05,37.6666666666667,9
"1771",2017-11-06,19,3
"1772",2017-11-07,50,6
"1773",2017-11-08,12,2
"1774",2017-11-09,14,3
"1775",2017-11-10,38.2,11
"1776",2017-11-11,19.5333333333333,9
"1777",2017-11-12,24.8666666666667,11
"1778",2017-11-13,88.8666666666667,16
"1779",2017-11-14,96.5333333333333,15
"1780",2017-11-15,3.2,6
"1781",2017-11-16,41.2,10
"1782",2017-11-17,18.7,8
"1783",2017-11-18,24.7,10
"1784",2017-11-19,25.5333333333333,14
"1785",2017-11-20,82.3333333333333,13
"1786",2017-11-21,90.3333333333333,15
"1787",2017-11-22,88,3
"1788",2017-11-23,114,7
"1789",2017-11-24,46,5
"1790",2017-11-25,25.3333333333333,4
"1791",2017-11-26,43.8333333333333,6
"1792",2017-11-27,55.3333333333333,7
"1793",2017-11-28,21,5
"1794",2017-11-29,24.5,5
"1795",2017-11-30,11.5,4
"1796",2017-12-01,58.25,22
"1797",2017-12-02,50.25,22
"1798",2017-12-03,13.75,6
"1799",2017-12-04,7.91666666666667,5
"1800",2017-12-05,25.6666666666667,2
"1801",2017-12-06,45.1666666666667,11
"1802",2017-12-07,35.3,6
"1803",2017-12-08,23.8,5
"1804",2017-12-09,34.8,5
"1805",2017-12-10,22.6,4
"1806",2017-12-11,14.6,6
"1807",2017-12-12,23.3,11
"1808",2017-12-13,58.8,8
"1809",2017-12-14,20.8,8
"1810",2017-12-15,44.5,9
"1811",2017-12-16,33.5,6
"1812",2017-12-17,30.5,5
"1813",2017-12-18,38,8
"1814",2017-12-19,22,5
"1815",2017-12-20,54.6666666666667,8
"1816",2017-12-21,39.6666666666667,10
"1817",2017-12-22,60.6666666666667,15
"1818",2017-12-23,6,3
"1819",2017-12-24,42.6666666666667,11
"1820",2017-12-25,53.6666666666667,11
"1821",2017-12-26,18.3333333333333,5
"1822",2017-12-27,8.66666666666667,3
"1823",2017-12-28,33.6666666666667,12
"1824",2017-12-29,23,10
"1825",2017-12-30,15,2
"1826",2017-12-31,47,7
